{
	"description": {
		"translate": "enchantment.stellarity.draconic",
		"fallback": "Draconic",
		"color": "#d600f4"
	},
	"exclusive_set": [],
	"supported_items": [
		"minecraft:netherite_sword"
	],
	"weight": 1,
	"max_level": 1,
	"min_cost": {
		"base": 0,
		"per_level_above_first": 0
	},
	"max_cost": {
		"base": 0,
		"per_level_above_first": 0
	},
	"anvil_cost": 2,
	"slots": [
		"mainhand"
	],
	"effects": {
		"minecraft:post_attack": [
			{
				"requirements": [
					{
						"condition": "minecraft:inverted",
						"term": {
							"condition": "minecraft:entity_scores",
							"entity": "this",
							"scores": {
								"stellarity.items.dragonblade.cooldown": {
									"min": 1
								}
							}
						}
					},
					{
						"condition": "minecraft:inverted",
						"term": {
							"condition": "minecraft:entity_scores",
							"entity": "this",
							"scores": {
								"stellarity.items.dragonblade.until_stack_reset": {
									"min": 311
								}
							}
						}
					},
					{
						"condition": "minecraft:inverted",
						"term": {
							"condition": "minecraft:entity_properties",
							"entity": "this",
							"predicate": {
								"nbt": "{Tags:[\"kohara.boss\"]}"
							}
						}
					},
					{
						"condition": "minecraft:inverted",
						"term": {
							"condition": "minecraft:entity_properties",
							"entity": "this",
							"predicate": {
								"type": "#kohara:boss"
							}
						}
					},
					{
						"condition": "minecraft:damage_source_properties",
						"predicate": {
							"tags": [
								{
									"id": "stellarity:melee",
									"expected": true
								}
							],
							"is_direct": true
						}
					}
				],
				"effect": {
					"type": "minecraft:run_function",
					"function": "stellarity:items/dragonblade/apply_stacks"
				},
				"enchanted": "attacker",
				"affected": "victim"
			}
		],
		"minecraft:damage": [
			{
				"requirements": {
					"condition": "minecraft:any_of",
					"terms": [
						{
							"condition": "minecraft:entity_properties",
							"entity": "this",
							"predicate": {
								"nbt": "{Tags:[\"stellarity.boss\"]}"
							}
						},
						{
							"condition": "minecraft:entity_properties",
							"entity": "this",
							"predicate": {
								"type": "#kohara:boss"
							}
						}
					]
				},
				"effect": {
					"type": "minecraft:multiply",
					"factor": 1.75
				}
			}
		]
	}
}
