{
	"description": {
		"translate": "enchantment.stellarity.soul_harvest",
		"fallback": "Soul Harvest",
		"color": "#20c1e8"
	},
	"exclusive_set": [
		"minecraft:fire_aspect",
		"minecraft:sharpness",
		"minecraft:flame"
	],
	"supported_items": [
		"minecraft:diamond_sword"
	],
	"weight": 1,
	"max_level": 1,
	"min_cost": {
		"base": 0,
		"per_level_above_first": 0
	},
	"max_cost": {
		"base": 0,
		"per_level_above_first": 0
	},
	"anvil_cost": 2,
	"slots": [
		"mainhand"
	],
	"effects": {
		"minecraft:post_attack": [
			{
				"requirements": {
					"condition": "minecraft:damage_source_properties",
					"predicate": {
						"tags": [
							{
								"id": "stellarity:melee",
								"expected": true
							}
						],
						"is_direct": true
					}
				},
				"effect": {
					"type": "minecraft:run_function",
					"function": "stellarity:items/frigid_harvester/attack"
				},
				"enchanted": "attacker",
				"affected": "victim"
			}
		]
	}
}
