{
	"parent": "stellarity:events/root",
	"criteria": {
		"minor": {
			"trigger": "minecraft:player_killed_entity",
			"conditions": {
				"player": {
					"equipment": {
						"mainhand": {
							"items": [
								"minecraft:diamond_sword"
							],
							"predicates": {
								"minecraft:custom_data": {"stellarity.special_item":"frigid_harvester"}
							}
						}
					}
				},
				"entity": {
					"type": "#stellarity:frigid_harvester/gives_minor_boost",
					"distance": {
						"absolute": {
							"max": 6.5
						}
					}
				}
			}
		},
		"small": {
			"trigger": "minecraft:player_killed_entity",
			"conditions": {
				"player": {
					"equipment": {
						"mainhand": {
							"items": [
								"minecraft:diamond_sword"
							],
							"predicates": {
								"minecraft:custom_data": {"stellarity.special_item":"frigid_harvester"}
							}
						}
					}
				},
				"entity": {
					"type": "#stellarity:frigid_harvester/gives_small_boost",
					"distance": {
						"absolute": {
							"max": 6.5
						}
					}
				}
			}
		},
		"big": {
			"trigger": "minecraft:player_killed_entity",
			"conditions": {
				"player": {
					"equipment": {
						"mainhand": {
							"items": [
								"minecraft:diamond_sword"
							],
							"predicates": {
								"minecraft:custom_data": {"stellarity.special_item":"frigid_harvester"}
							}
						}
					}
				},
				"entity": {
					"type": "#stellarity:frigid_harvester/gives_big_boost",
					"distance": {
						"absolute": {
							"max": 6.5
						}
					}
				}
			}
		},
		"large": {
			"trigger": "minecraft:player_killed_entity",
			"conditions": {
				"player": {
					"equipment": {
						"mainhand": {
							"items": [
								"minecraft:diamond_sword"
							],
							"predicates": {
								"minecraft:custom_data": {"stellarity.special_item":"frigid_harvester"}
							}
						}
					}
				},
				"entity": {
					"type": "#stellarity:frigid_harvester/gives_large_boost",
					"distance": {
						"absolute": {
							"max": 6.5
						}
					}
				}
			}
		},
		"huge": {
			"trigger": "minecraft:player_killed_entity",
			"conditions": {
				"player": {
					"equipment": {
						"mainhand": {
							"items": [
								"minecraft:diamond_sword"
							],
							"predicates": {
								"minecraft:custom_data": {"stellarity.special_item":"frigid_harvester"}
							}
						}
					}
				},
				"entity": {
					"type": "#stellarity:frigid_harvester/gives_huge_boost",
					"distance": {
						"absolute": {
							"max": 6.5
						}
					}
				}
			}
		},
		"boss": {
			"trigger": "minecraft:player_killed_entity",
			"conditions": {
				"player": {
					"equipment": {
						"mainhand": {
							"items": [
								"minecraft:diamond_sword"
							],
							"predicates": {
								"minecraft:custom_data": {"stellarity.special_item":"frigid_harvester"}
							}
						}
					}
				},
				"entity": {
					"nbt": "{Tags:[\"kohara.boss\"]}",
					"distance": {
						"absolute": {
							"max": 6.5
						}
					}
				}
			}
		}
	},
	"requirements": [
		[
			"minor",
			"small",
			"big",
			"large",
			"huge",
			"boss"
		]
	],
	"rewards": {
		"function": "stellarity:items/frigid_harvester/kill"
	}
}
