{
	"condition": "minecraft:any_of",
	"terms": [
		{
			"condition": "minecraft:entity_properties",
			"entity": "this",
			"predicate": {
				"equipment": {
					"mainhand": {
						"items": [
							"minecraft:bow"
						],
						"predicates":{ "minecraft:custom_data": "{stellarity.special_item:\"sharanga\"}"}
					}
				}
			}
		},
		{
			"condition": "minecraft:entity_properties",
			"entity": "this",
			"predicate": {
				"equipment": {
					"offhand": {
						"items": [
							"minecraft:bow"
						],
						"predicates":{ "minecraft:custom_data": "{stellarity.special_item:\"sharanga\"}"}
					}
				}
			}
		}
	]
}
