{
	"condition": "minecraft:any_of",
	"terms": [
		{
			"condition": "minecraft:reference",
			"name": "stellarity:items/armor/floral/wearing_helmet"
		},
		{
			"condition": "minecraft:reference",
			"name": "stellarity:items/armor/floral/wearing_chestplate"
		},
		{
			"condition": "minecraft:reference",
			"name": "stellarity:items/armor/floral/wearing_leggings"
		},
		{
			"condition": "minecraft:reference",
			"name": "stellarity:items/armor/floral/wearing_boots"
		}
	]
}
