{
	"temperature": 0.8,
	"downfall": 0.4,
	"has_precipitation": false,
	"effects": {
		"sky_color": 0,
		"fog_color": 0,
		"water_color": 6443678,
		"water_fog_color": 4272254,
		"grass_color": 14606046,
		"foliage_color": 12763842
	},
	"spawners": {
		"monster": [
			{
				"type": "minecraft:enderman",
				"weight": 10,
				"minCount": 4,
				"maxCount": 4
			}
		]
	},
	"spawn_costs": {
		"minecraft:enderman": {
			"charge": 0.75,
			"energy_budget": 1
		}
	},
	"carvers": {},
	"features": [
		[
			"stellarity:global/stalactite",
			"stellarity:dragons_den/hills"
		],
		[],
		[],
		[],
		[],
		[],
		[],
		[
			"stellarity:dragons_den/obsidian"
		],
		[
			"stellarity:dragons_den/patches"
		],
		[
			"stellarity:dragons_den/chorus_plant"
		],
		[
			"far_end:general/end_spike/center",
			"far_end:general/end_spike/ring",
			"stellarity:dragons_den/obsidian_spike_decor",
			"minecraft:end_platform"
		]
	]
}
