[
	{
		"function": "minecraft:set_components",
		"components": {
			"minecraft:item_name": "{\"translate\":\"stellarity.items.food.loaf_of_plenty\",\"fallback\":\"Loaf of Plenty\"}",
			"minecraft:rarity": "epic",
			"minecraft:lore": [
				"\"\"",
				"{\"translate\":\"- Donator Item -\",\"color\":\"#F96854\",\"italic\":false}",
				"\"\"",
				"{\"translate\":\"Stellarity\",\"color\":\"#CC26FF\",\"italic\":true}"
			],
			"minecraft:custom_data": "{stellarity.special_item:\"loaf_of_plenty\",stellarity.loaf_of_plenty_final:1b}",
			"minecraft:custom_model_data": 90000,
			"minecraft:max_stack_size": 1,
			"minecraft:food": {
				"nutrition": 5,
				"saturation": 6,
				"can_always_eat": false,
				"eat_seconds": 1.5,
				"using_converts_to": {
					"id": "minecraft:bread",
					"components": {
						"minecraft:item_name": "{\"translate\":\"stellarity.items.food.loaf_of_plenty\",\"fallback\":\"Loaf of Plenty\"}",
						"minecraft:rarity": "epic",
						"minecraft:lore": [
							"\"\"",
							"{\"translate\":\"- Donator Item -\",\"color\":\"#F96854\",\"italic\":false}",
							"\"\"",
							"{\"translate\":\"Stellarity\",\"color\":\"#CC26FF\",\"italic\":true}"
						],
						"minecraft:custom_data": "{stellarity.special_item:\"loaf_of_plenty\",stellarity.loaf_of_plenty_final:1b}",
						"minecraft:custom_model_data": 90000,
						"minecraft:max_stack_size": 1,
						"minecraft:food": {
							"nutrition": 1,
							"saturation": 1
						}
					}
				}
			}
		}
	}
]
