{"stats":{"minecraft:custom":{"minecraft:time_since_rest":331,"minecraft:sprint_one_cm":90446,"minecraft:damage_taken":2837,"minecraft:walk_one_cm":48056,"minecraft:mob_kills":16,"minecraft:damage_dealt":793,"minecraft:talked_to_villager":4,"minecraft:interact_with_crafting_table":2,"minecraft:swim_one_cm":4929,"minecraft:fly_one_cm":110725,"minecraft:open_chest":1,"minecraft:crouch_one_cm":3724,"minecraft:play_time":28546,"minecraft:deaths":11,"minecraft:sneak_time":3263,"minecraft:walk_under_water_one_cm":218,"minecraft:jump":740,"minecraft:leave_game":1,"minecraft:walk_on_water_one_cm":2797,"minecraft:time_since_death":274,"minecraft:total_world_time":28546,"minecraft:fall_one_cm":21067},"minecraft:killed_by":{"minecraft:player":1,"minecraft:zombified_piglin":1,"minecraft:creeper":1,"minecraft:zombie":1},"minecraft:mined":{"minecraft:spruce_planks":1,"minecraft:cherry_planks":2,"minecraft:soul_sand":1,"minecraft:spruce_log":34,"minecraft:crafting_table":2,"minecraft:grass_block":2,"minecraft:cobblestone":22,"minecraft:spruce_leaves":2,"minecraft:stone":25},"minecraft:used":{"minecraft:wooden_axe":1,"minecraft:stone_sword":18,"minecraft:stone_shovel":3,"minecraft:stone_pickaxe":3,"minecraft:spruce_planks":14,"minecraft:wooden_pickaxe":44,"minecraft:cherry_planks":2,"minecraft:stone_axe":30,"minecraft:cobblestone":6,"minecraft:crafting_table":2,"minecraft:potato":1},"minecraft:crafted":{"minecraft:stone_shovel":1,"minecraft:crafting_table":1,"minecraft:spruce_planks":84,"minecraft:stick":12,"minecraft:wooden_pickaxe":1,"minecraft:stone_pickaxe":1,"minecraft:wooden_axe":1,"minecraft:stone_sword":1,"minecraft:stone_axe":1},"minecraft:picked_up":{"minecraft:crafting_table":2,"minecraft:cherry_planks":2,"minecraft:potato":1,"minecraft:spruce_log":36,"minecraft:string":1,"minecraft:dirt":2,"minecraft:spruce_planks":1,"minecraft:cobblestone":21},"minecraft:killed":{"minecraft:skeleton":1,"minecraft:spider":2}},"DataVersion":3953}