{"stats":{"minecraft:custom":{"minecraft:time_since_rest":839,"minecraft:crouch_one_cm":3504,"minecraft:sprint_one_cm":39438,"minecraft:play_time":36872,"minecraft:walk_one_cm":142980,"minecraft:damage_taken":1320,"minecraft:deaths":5,"minecraft:sneak_time":7495,"minecraft:mob_kills":2,"minecraft:jump":210,"minecraft:damage_dealt":517,"minecraft:leave_game":4,"minecraft:walk_on_water_one_cm":51,"minecraft:time_since_death":797,"minecraft:total_world_time":36872,"minecraft:interact_with_crafting_table":2,"minecraft:fall_one_cm":6689,"minecraft:fly_one_cm":13447},"minecraft:killed_by":{"minecraft:skeleton":1},"minecraft:broken":{"minecraft:wooden_pickaxe":1},"minecraft:picked_up":{"minecraft:cobbled_deepslate":4,"minecraft:cherry_log":5,"minecraft:dark_oak_fence":1,"minecraft:string":2,"minecraft:cobblestone":27},"minecraft:used":{"minecraft:crafting_table":1,"minecraft:dark_oak_fence":1,"minecraft:stone_pickaxe":18,"minecraft:wooden_pickaxe":36,"minecraft:cherry_planks":10},"minecraft:mined":{"minecraft:dark_oak_fence":1,"minecraft:cherry_planks":1,"minecraft:cherry_leaves":5,"minecraft:cherry_log":6,"minecraft:stone":27,"minecraft:deepslate":4},"minecraft:crafted":{"minecraft:cherry_planks":20,"minecraft:crafting_table":1,"minecraft:stick":4,"minecraft:stone_pickaxe":1,"minecraft:wooden_pickaxe":1},"minecraft:killed":{"minecraft:spider":1,"minecraft:zombie":1}},"DataVersion":3953}