{"stats":{"minecraft:crafted":{"minecraft:cherry_planks":12,"minecraft:wooden_pickaxe":1,"minecraft:bowl":4,"minecraft:mushroom_stew":3,"minecraft:stone_axe":1,"minecraft:suspicious_stew":2,"minecraft:stick":20,"minecraft:stone_pickaxe":1},"minecraft:used":{"minecraft:stone_pickaxe":10,"minecraft:wooden_pickaxe":26,"minecraft:brown_mushroom":1,"minecraft:rotten_flesh":3,"minecraft:torch":2,"minecraft:dirt":9,"minecraft:crafting_table":6,"minecraft:mushroom_stew":3,"minecraft:red_mushroom":1,"minecraft:suspicious_stew":2,"minecraft:stone_axe":55,"minecraft:acacia_planks":1},"minecraft:picked_up":{"minecraft:crafting_table":7,"minecraft:allium":2,"minecraft:brown_mushroom":6,"minecraft:red_mushroom":7,"minecraft:chain":3,"minecraft:string":2,"minecraft:dirt":11,"minecraft:bone":3,"minecraft:acacia_planks":4,"minecraft:spruce_planks":2,"minecraft:torch":4,"minecraft:jungle_planks":1,"minecraft:cherry_log":3,"minecraft:warped_planks":1,"minecraft:grass_block":1,"minecraft:spider_eye":2,"minecraft:arrow":2,"minecraft:rotten_flesh":3,"minecraft:coal":13,"minecraft:oxeye_daisy":3,"minecraft:cobblestone":31,"minecraft:ender_pearl":1},"minecraft:mined":{"minecraft:spruce_planks":2,"minecraft:cherry_log":3,"minecraft:crafting_table":7,"minecraft:torch":4,"minecraft:short_grass":1,"minecraft:allium":2,"minecraft:grass_block":1,"minecraft:jungle_planks":2,"minecraft:mushroom_stem":5,"minecraft:brown_mushroom_block":41,"minecraft:red_mushroom":1,"minecraft:sculk":6,"minecraft:oxeye_daisy":3,"minecraft:chain":3,"minecraft:warped_planks":1,"minecraft:coal_ore":13,"minecraft:cherry_leaves":2,"minecraft:lantern":1,"minecraft:dirt":10,"minecraft:acacia_planks":6,"minecraft:red_mushroom_block":15,"minecraft:stone":19},"minecraft:killed_by":{"minecraft:player":3,"minecraft:skeleton":1,"minecraft:zombie":1,"minecraft:enderman":3},"minecraft:custom":{"minecraft:mob_kills":9,"minecraft:interact_with_crafting_table":10,"minecraft:leave_game":5,"minecraft:time_since_death":636,"minecraft:climb_one_cm":460,"minecraft:time_since_rest":664,"minecraft:sprint_one_cm":90330,"minecraft:damage_taken":6533,"minecraft:walk_one_cm":117683,"minecraft:drop":5,"minecraft:damage_dealt":2513,"minecraft:swim_one_cm":5455,"minecraft:fly_one_cm":126596,"minecraft:player_kills":2,"minecraft:open_chest":2,"minecraft:crouch_one_cm":1555,"minecraft:play_time":49064,"minecraft:deaths":24,"minecraft:sneak_time":975,"minecraft:walk_under_water_one_cm":8660,"minecraft:jump":843,"minecraft:walk_on_water_one_cm":14518,"minecraft:total_world_time":49064,"minecraft:fall_one_cm":32306},"minecraft:dropped":{"minecraft:cherry_planks":1,"minecraft:chain":3,"minecraft:spider_eye":2,"minecraft:wooden_pickaxe":1},"minecraft:killed":{"minecraft:armadillo":1,"minecraft:spider":2,"minecraft:skeleton":1,"minecraft:zombie":2,"minecraft:enderman":1}},"DataVersion":3953}