{"stats":{"minecraft:custom":{"minecraft:jump":132,"minecraft:open_chest":2,"minecraft:time_since_rest":6134,"minecraft:damage_dealt":24,"minecraft:damage_taken":1442,"minecraft:leave_game":5,"minecraft:sprint_one_cm":34499,"minecraft:play_time":32606,"minecraft:walk_one_cm":117715,"minecraft:time_since_death":5363,"minecraft:deaths":6,"minecraft:sneak_time":32,"minecraft:total_world_time":32606,"minecraft:player_kills":1,"minecraft:fall_one_cm":1910,"minecraft:fly_one_cm":20774},"minecraft:used":{"minecraft:dirt":2},"minecraft:picked_up":{"minecraft:sand":2,"minecraft:torch":1,"minecraft:dirt":2},"minecraft:mined":{"minecraft:powder_snow":2,"minecraft:dirt":4,"minecraft:torch":1}},"DataVersion":3953}