{"stats":{"minecraft:custom":{"minecraft:interact_with_furnace":2,"minecraft:mob_kills":6,"minecraft:interact_with_crafting_table":19,"minecraft:leave_game":4,"minecraft:time_since_death":2997,"minecraft:time_since_rest":3068,"minecraft:sprint_one_cm":263561,"minecraft:walk_one_cm":353753,"minecraft:damage_taken":25467,"minecraft:drop":15,"minecraft:damage_dealt":1154,"minecraft:talked_to_villager":3,"minecraft:swim_one_cm":2938,"minecraft:fly_one_cm":67664,"minecraft:player_kills":1,"minecraft:open_chest":2,"minecraft:crouch_one_cm":14130,"minecraft:play_time":121320,"minecraft:deaths":45,"minecraft:sneak_time":9680,"minecraft:walk_under_water_one_cm":32,"minecraft:jump":931,"minecraft:walk_on_water_one_cm":529,"minecraft:total_world_time":121320,"minecraft:fall_one_cm":169109},"minecraft:killed_by":{"minecraft:ghast":1,"minecraft:player":10,"minecraft:zombified_piglin":5,"minecraft:creeper":1,"minecraft:zombie":3},"minecraft:broken":{"minecraft:stone_axe":1,"minecraft:wooden_axe":1},"minecraft:used":{"minecraft:spruce_slab":149,"minecraft:chest":1,"minecraft:spruce_planks":293,"minecraft:wooden_pickaxe":14,"minecraft:spruce_sign":5,"minecraft:crafting_table":6,"minecraft:spruce_fence":65,"minecraft:wooden_axe":70,"minecraft:spruce_trapdoor":1,"minecraft:spruce_sapling":1,"minecraft:stone_axe":128,"minecraft:wooden_sword":44,"minecraft:cobblestone":2},"minecraft:picked_up":{"minecraft:crafting_table":4,"minecraft:string":2,"minecraft:dirt":1,"minecraft:wooden_sword":1,"minecraft:netherite_scrap":1,"minecraft:acacia_planks":1,"minecraft:gold_nugget":2,"minecraft:spruce_planks":23,"minecraft:iron_ingot":13,"minecraft:cobblestone_slab":3,"minecraft:spruce_slab":3,"minecraft:stick":7,"minecraft:spruce_fence":1,"minecraft:villager_spawn_egg":1,"minecraft:stripped_spruce_log":2,"minecraft:spruce_sapling":7,"minecraft:carrot":1,"minecraft:spruce_log":142,"minecraft:rotten_flesh":3,"minecraft:diamond":13,"minecraft:spruce_sign":2,"minecraft:gold_ingot":14,"minecraft:emerald":4,"minecraft:acacia_slab":3,"minecraft:coal":3,"minecraft:cobblestone":4},"minecraft:mined":{"minecraft:spruce_planks":27,"minecraft:crafting_table":4,"minecraft:spruce_fence":1,"minecraft:cobblestone":3,"minecraft:spruce_leaves":7,"minecraft:acacia_slab":1,"minecraft:spruce_sign":1,"minecraft:spruce_log":144,"minecraft:stripped_spruce_log":2,"minecraft:coal_ore":1,"minecraft:cobblestone_slab":4,"minecraft:dirt":1,"minecraft:stone":5},"minecraft:crafted":{"minecraft:wooden_sword":1,"minecraft:spruce_sign":6,"minecraft:crafting_table":2,"minecraft:spruce_planks":560,"minecraft:wooden_pickaxe":1,"minecraft:spruce_fence":66,"minecraft:spruce_trapdoor":8,"minecraft:spruce_slab":150,"minecraft:stick":60,"minecraft:wooden_axe":2,"minecraft:chest":1},"minecraft:killed":{"minecraft:spider":2,"minecraft:zombie":3},"minecraft:dropped":{"minecraft:spruce_sign":3,"minecraft:cobblestone":2,"minecraft:spruce_fence":2,"minecraft:coal":1,"minecraft:dirt":1,"minecraft:cobblestone_slab":3,"minecraft:spruce_planks":33,"minecraft:acacia_slab":3,"minecraft:gold_nugget":1,"minecraft:spruce_log":2,"minecraft:spruce_slab":3,"minecraft:spruce_sapling":6}},"DataVersion":3953}