{"stats":{"minecraft:custom":{"minecraft:mob_kills":83,"minecraft:interact_with_crafting_table":22,"minecraft:open_barrel":2,"minecraft:leave_game":21,"minecraft:time_since_death":1698,"minecraft:climb_one_cm":1499,"minecraft:sprint_one_cm":942708,"minecraft:walk_one_cm":880590,"minecraft:drop":46,"minecraft:talked_to_villager":3,"minecraft:play_time":293444,"minecraft:deaths":100,"minecraft:sneak_time":21847,"minecraft:walk_under_water_one_cm":65320,"minecraft:boat_one_cm":10067,"minecraft:jump":2608,"minecraft:walk_on_water_one_cm":55568,"minecraft:total_world_time":293444,"minecraft:interact_with_furnace":3,"minecraft:time_since_rest":1736,"minecraft:damage_taken":27085,"minecraft:damage_dealt":9496,"minecraft:swim_one_cm":40307,"minecraft:fly_one_cm":286927,"minecraft:player_kills":8,"minecraft:open_chest":39,"minecraft:crouch_one_cm":52243,"minecraft:fall_one_cm":109446},"minecraft:killed_by":{"minecraft:ghast":1,"minecraft:husk":1,"minecraft:player":14,"minecraft:zombified_piglin":1,"minecraft:creeper":10,"minecraft:spider":1,"minecraft:slime":3,"minecraft:piglin":2,"minecraft:skeleton":5,"minecraft:zombie":3},"minecraft:broken":{"minecraft:iron_pickaxe":1},"minecraft:used":{"minecraft:light_blue_banner":1,"minecraft:red_sand":13,"minecraft:orange_concrete":1,"minecraft:red_concrete":1,"minecraft:decorated_pot":2,"minecraft:spruce_planks":394,"minecraft:netherrack":112,"minecraft:torch":3,"minecraft:dirt":66,"minecraft:twisting_vines":12,"minecraft:cobblestone_wall":12,"minecraft:snowball":6,"minecraft:spruce_fence":194,"minecraft:milk_bucket":1,"minecraft:spruce_boat":1,"minecraft:lava_bucket":12,"minecraft:slime_block":2,"minecraft:acacia_slab":18,"minecraft:mossy_cobblestone_slab":1,"minecraft:purple_concrete":10,"minecraft:lime_concrete":3,"minecraft:bow":12,"minecraft:acacia_fence":2,"minecraft:cobbled_deepslate":5,"minecraft:acacia_planks":43,"minecraft:water_bucket":13,"minecraft:cherry_planks":4,"minecraft:spruce_sign":16,"minecraft:crafting_table":5,"minecraft:yellow_concrete":5,"minecraft:spruce_log":64,"minecraft:diamond_pickaxe":236,"minecraft:acacia_sign":5,"minecraft:acacia_door":1,"minecraft:iron_pickaxe":22,"minecraft:magenta_concrete":6,"minecraft:stone_axe":150,"minecraft:diamond_sword":512,"minecraft:cobblestone":20,"minecraft:bucket":23},"minecraft:picked_up":{"minecraft:allium":2,"minecraft:crafting_table":2,"minecraft:wheat":11,"minecraft:brown_mushroom":2,"minecraft:enchanted_book":1,"minecraft:blue_concrete":5,"minecraft:string":8,"minecraft:moss_carpet":1,"minecraft:raw_copper":4,"minecraft:orange_concrete":1,"minecraft:purple_banner":1,"minecraft:cobbled_deepslate":5,"minecraft:red_sand":13,"minecraft:gold_nugget":43,"minecraft:spruce_planks":72,"minecraft:acacia_sign":3,"minecraft:cobblestone_slab":1,"minecraft:iron_pickaxe":2,"minecraft:spruce_slab":9,"minecraft:sugar_cane":3,"minecraft:chest":1,"minecraft:golden_helmet":1,"minecraft:dark_oak_sapling":1,"minecraft:stick":3,"minecraft:acacia_fence":2,"minecraft:torch":22,"minecraft:spruce_fence":25,"minecraft:carrot":1,"minecraft:dark_oak_planks":4,"minecraft:arrow":18,"minecraft:rotten_flesh":19,"minecraft:decorated_pot":2,"minecraft:snowball":6,"minecraft:cobblestone":48,"minecraft:oxeye_daisy":4,"minecraft:pink_petals":7,"minecraft:mossy_cobblestone_slab":1,"minecraft:basalt":1,"minecraft:cherry_planks":4,"minecraft:water_bucket":1,"minecraft:golden_leggings":1,"minecraft:red_mushroom":1,"minecraft:potato":47,"minecraft:crimson_fungus":1,"minecraft:lily_pad":3,"minecraft:dirt":72,"minecraft:twisting_vines":12,"minecraft:bone":12,"minecraft:light_blue_banner":1,"minecraft:acacia_planks":9,"minecraft:kelp":13,"minecraft:wheat_seeds":13,"minecraft:warped_stem":28,"minecraft:iron_ingot":21,"minecraft:moss_block":1,"minecraft:purple_concrete":10,"minecraft:warped_fungus":1,"minecraft:yellow_concrete":5,"minecraft:lime_concrete":3,"minecraft:light_blue_glazed_terracotta":1,"minecraft:poisonous_potato":1,"minecraft:lava_bucket":1,"minecraft:spruce_sapling":2,"minecraft:spruce_log":214,"minecraft:crying_obsidian":1,"minecraft:jungle_slab":1,"minecraft:spider_eye":2,"minecraft:slime_ball":40,"minecraft:diamond":1,"minecraft:white_concrete":1,"minecraft:spruce_sign":15,"minecraft:warped_roots":1,"minecraft:red_concrete":1,"minecraft:netherrack":140,"minecraft:magenta_concrete":6,"minecraft:dark_oak_fence":1},"minecraft:mined":{"minecraft:dark_oak_planks":6,"minecraft:nether_gold_ore":10,"minecraft:spruce_planks":23,"minecraft:sculk_vein":12,"minecraft:dark_oak_fence":1,"minecraft:red_sand":15,"minecraft:allium":1,"minecraft:grass_block":5,"minecraft:spruce_fence":11,"minecraft:decorated_pot":2,"minecraft:blue_concrete":5,"minecraft:magenta_concrete":8,"minecraft:white_concrete":1,"minecraft:purple_stained_glass_pane":2,"minecraft:spruce_leaves":3,"minecraft:red_mushroom":1,"minecraft:kelp":8,"minecraft:crimson_fungus":1,"minecraft:magenta_stained_glass_pane":1,"minecraft:orange_concrete":1,"minecraft:tall_seagrass":3,"minecraft:mossy_cobblestone_slab":1,"minecraft:nether_sprouts":3,"minecraft:cobbled_deepslate":6,"minecraft:twisting_vines":15,"minecraft:potatoes":13,"minecraft:warped_stem":29,"minecraft:stone":25,"minecraft:spruce_slab":6,"minecraft:kelp_plant":1,"minecraft:twisting_vines_plant":6,"minecraft:soul_fire":1,"minecraft:basalt":1,"minecraft:blue_stained_glass":1,"minecraft:crafting_table":2,"minecraft:torch":13,"minecraft:short_grass":2,"minecraft:warped_roots":1,"minecraft:chest":1,"minecraft:sculk_sensor":3,"minecraft:mushroom_stem":2,"minecraft:spruce_wall_sign":8,"minecraft:brain_coral_fan":1,"minecraft:tall_grass":3,"minecraft:copper_ore":1,"minecraft:cobblestone":16,"minecraft:red_concrete":1,"minecraft:sculk":44,"minecraft:wall_torch":12,"minecraft:spruce_sign":2,"minecraft:pink_petals":5,"minecraft:seagrass":3,"minecraft:warped_nylium":1,"minecraft:ice":2,"minecraft:wheat":1,"minecraft:spruce_log":43,"minecraft:purple_concrete":13,"minecraft:lime_concrete":5,"minecraft:warped_fungus":1,"minecraft:yellow_stained_glass_pane":1,"minecraft:mycelium":7,"minecraft:cherry_leaves":1,"minecraft:acacia_fence":1,"minecraft:yellow_concrete":6,"minecraft:dirt":31,"minecraft:acacia_planks":6,"minecraft:netherrack":138,"minecraft:acacia_wall_sign":1,"minecraft:infested_stone":1},"minecraft:crafted":{"minecraft:slime_block":2,"minecraft:spruce_fence":171,"minecraft:cobblestone_wall":12,"minecraft:spruce_boat":1,"minecraft:diamond_sword":1,"minecraft:spruce_sign":3,"minecraft:crafting_table":5,"minecraft:spruce_planks":656,"minecraft:acacia_slab":18,"minecraft:diamond_pickaxe":1,"minecraft:acacia_sign":3,"minecraft:stick":116,"minecraft:acacia_door":3,"minecraft:gold_ingot":1,"minecraft:acacia_planks":60},"minecraft:killed":{"minecraft:spider":3,"minecraft:slime":52,"minecraft:skeleton":7,"minecraft:drowned":4,"minecraft:husk":1,"minecraft:creeper":2,"minecraft:zombie":7},"minecraft:dropped":{"minecraft:moss_block":1,"minecraft:brown_mushroom":2,"minecraft:wheat_seeds":13,"minecraft:warped_fungus":1,"minecraft:dark_oak_sapling":1,"minecraft:poisonous_potato":1,"minecraft:cobblestone":15,"minecraft:warped_roots":1,"minecraft:red_mushroom":1,"minecraft:acacia_sign":1,"minecraft:dirt":4,"minecraft:oxeye_daisy":4,"minecraft:jungle_slab":1,"minecraft:white_concrete":1,"minecraft:iron_pickaxe":1,"minecraft:acacia_door":2,"minecraft:string":8,"minecraft:dark_oak_planks":4,"minecraft:pink_petals":7,"minecraft:lily_pad":3,"minecraft:acacia_planks":1,"minecraft:spruce_sapling":2,"minecraft:gold_ingot":1,"minecraft:bone":8,"minecraft:crimson_fungus":1,"minecraft:moss_carpet":1,"minecraft:kelp":13,"minecraft:sugar_cane":3,"minecraft:raw_copper":4,"minecraft:rotten_flesh":14,"minecraft:blue_concrete":5,"minecraft:spruce_fence":2,"minecraft:carrot":1,"minecraft:cobblestone_slab":1,"minecraft:allium":2,"minecraft:spruce_planks":22,"minecraft:spider_eye":2,"minecraft:spruce_slab":7,"minecraft:netherrack":28}},"DataVersion":3953}