{"stats":{"minecraft:custom":{"minecraft:interact_with_furnace":7,"minecraft:mob_kills":17,"minecraft:interact_with_crafting_table":11,"minecraft:open_barrel":1,"minecraft:leave_game":2,"minecraft:time_since_death":3080,"minecraft:sleep_in_bed":1,"minecraft:climb_one_cm":438,"minecraft:time_since_rest":3142,"minecraft:sprint_one_cm":133692,"minecraft:damage_taken":2843,"minecraft:walk_one_cm":560621,"minecraft:drop":7,"minecraft:damage_dealt":892,"minecraft:swim_one_cm":551,"minecraft:talked_to_villager":11,"minecraft:fly_one_cm":23953,"minecraft:open_chest":11,"minecraft:play_time":117791,"minecraft:crouch_one_cm":30777,"minecraft:deaths":11,"minecraft:sneak_time":13185,"minecraft:walk_under_water_one_cm":757,"minecraft:jump":840,"minecraft:walk_on_water_one_cm":2073,"minecraft:total_world_time":117791,"minecraft:fall_one_cm":17654},"minecraft:killed_by":{"minecraft:skeleton":1,"minecraft:spider":1},"minecraft:used":{"minecraft:stone_sword":41,"minecraft:spruce_door":7,"minecraft:stone_shovel":31,"minecraft:stone_pickaxe":4,"minecraft:baked_potato":2,"minecraft:chest":4,"minecraft:spruce_planks":55,"minecraft:wooden_pickaxe":53,"minecraft:cherry_planks":3,"minecraft:spruce_sign":2,"minecraft:torch":4,"minecraft:mossy_cobblestone":1,"minecraft:dirt":33,"minecraft:terracotta":1,"minecraft:oak_slab":8,"minecraft:crafting_table":2,"minecraft:light_gray_terracotta":1,"minecraft:spruce_fence":8,"minecraft:wooden_axe":7,"minecraft:red_terracotta":1,"minecraft:spruce_sapling":2,"minecraft:stone_axe":138,"minecraft:wooden_sword":20,"minecraft:cobblestone":2,"minecraft:furnace":2,"minecraft:yellow_bed":1,"minecraft:potato":2,"minecraft:cobbled_deepslate":2},"minecraft:picked_up":{"minecraft:charcoal":17,"minecraft:wheat":3,"minecraft:crafting_table":2,"minecraft:cherry_planks":4,"minecraft:brown_mushroom":5,"minecraft:potato":29,"minecraft:yellow_bed":1,"minecraft:dirt":34,"minecraft:acacia_planks":3,"minecraft:wheat_seeds":9,"minecraft:cobbled_deepslate":2,"minecraft:spruce_planks":83,"minecraft:stone_pickaxe":1,"minecraft:chest":2,"minecraft:furnace":2,"minecraft:oak_slab":8,"minecraft:torch":4,"minecraft:poisonous_potato":1,"minecraft:spruce_fence":8,"minecraft:spruce_sapling":2,"minecraft:spruce_log":22,"minecraft:red_terracotta":1,"minecraft:spruce_door":6,"minecraft:mossy_cobblestone":1,"minecraft:light_gray_terracotta":1,"minecraft:rotten_flesh":2,"minecraft:slime_ball":8,"minecraft:armadillo_scute":1,"minecraft:gray_wool":1,"minecraft:spruce_sign":2,"minecraft:baked_potato":19,"minecraft:terracotta":1,"minecraft:mutton":2,"minecraft:cobblestone":50},"minecraft:mined":{"minecraft:podzol":31,"minecraft:oak_slab":8,"minecraft:spruce_planks":83,"minecraft:brown_mushroom":5,"minecraft:cherry_planks":4,"minecraft:mossy_cobblestone":1,"minecraft:spruce_door":6,"minecraft:crafting_table":2,"minecraft:torch":2,"minecraft:light_gray_terracotta":1,"minecraft:grass_block":2,"minecraft:chest":2,"minecraft:cobblestone":7,"minecraft:spruce_leaves":8,"minecraft:wall_torch":2,"minecraft:spruce_sign":2,"minecraft:red_terracotta":1,"minecraft:furnace":2,"minecraft:wheat":4,"minecraft:spruce_log":22,"minecraft:yellow_bed":1,"minecraft:potatoes":12,"minecraft:acacia_planks":3,"minecraft:terracotta":1,"minecraft:stone":44},"minecraft:crafted":{"minecraft:wooden_sword":1,"minecraft:stone_shovel":1,"minecraft:crafting_table":1,"minecraft:spruce_planks":88,"minecraft:wooden_pickaxe":1,"minecraft:baked_potato":3,"minecraft:spruce_door":6,"minecraft:furnace":1,"minecraft:stone_axe":1,"minecraft:cooked_mutton":2,"minecraft:stick":16,"minecraft:stone_pickaxe":1,"minecraft:wooden_axe":1,"minecraft:stone_sword":1,"minecraft:chest":4},"minecraft:killed":{"minecraft:slime":14,"minecraft:sheep":1,"minecraft:zombie":2},"minecraft:dropped":{"minecraft:brown_mushroom":5,"minecraft:poisonous_potato":1,"minecraft:wooden_axe":1,"minecraft:wooden_sword":1,"minecraft:armadillo_scute":1,"minecraft:stone_pickaxe":1,"minecraft:wooden_pickaxe":1}},"DataVersion":3953}