{"stats":{"minecraft:custom":{"minecraft:time_since_rest":10630,"minecraft:sprint_one_cm":195415,"minecraft:damage_taken":9568,"minecraft:walk_one_cm":320057,"minecraft:damage_dealt":254,"minecraft:talked_to_villager":2,"minecraft:swim_one_cm":12634,"minecraft:interact_with_crafting_table":6,"minecraft:fly_one_cm":158595,"minecraft:open_chest":4,"minecraft:crouch_one_cm":7658,"minecraft:play_time":106359,"minecraft:deaths":38,"minecraft:sneak_time":5006,"minecraft:walk_under_water_one_cm":5322,"minecraft:jump":1075,"minecraft:leave_game":3,"minecraft:walk_on_water_one_cm":6805,"minecraft:time_since_death":10526,"minecraft:climb_one_cm":5821,"minecraft:total_world_time":106359,"minecraft:fall_one_cm":35413},"minecraft:killed_by":{"minecraft:player":6,"minecraft:skeleton":1},"minecraft:used":{"minecraft:moss_block":5,"minecraft:cherry_sapling":3,"minecraft:spruce_planks":3,"minecraft:wooden_pickaxe":1,"minecraft:cherry_sign":3,"minecraft:spruce_sign":5,"minecraft:stone_axe":23,"minecraft:pink_petals":7,"minecraft:dirt":18,"minecraft:crafting_table":3,"minecraft:acacia_planks":4},"minecraft:mined":{"minecraft:pink_petals":3,"minecraft:seagrass":1,"minecraft:spruce_planks":3,"minecraft:cherry_log":2,"minecraft:spruce_log":21,"minecraft:cherry_sapling":2,"minecraft:crafting_table":3,"minecraft:short_grass":1,"minecraft:grass_block":16,"minecraft:cobblestone_slab":1,"minecraft:cherry_leaves":15,"minecraft:dirt":2,"minecraft:tall_grass":1,"minecraft:spruce_leaves":19,"minecraft:acacia_planks":5,"minecraft:kelp":2,"minecraft:moss_block":6,"minecraft:spruce_sign":1},"minecraft:crafted":{"minecraft:cherry_planks":8,"minecraft:spruce_sign":3,"minecraft:cherry_sign":3,"minecraft:crafting_table":1,"minecraft:spruce_slab":36,"minecraft:spruce_planks":84,"minecraft:stick":4,"minecraft:wooden_pickaxe":1},"minecraft:picked_up":{"minecraft:pink_petals":7,"minecraft:stick":1,"minecraft:crafting_table":2,"minecraft:cherry_log":2,"minecraft:spruce_sapling":7,"minecraft:spruce_log":21,"minecraft:spider_eye":1,"minecraft:dirt":18,"minecraft:acacia_planks":4,"minecraft:spruce_planks":1,"minecraft:cobblestone_slab":1,"minecraft:spruce_sign":2,"minecraft:cherry_sapling":3,"minecraft:moss_block":5}},"DataVersion":3953}