{"stats":{"minecraft:custom":{"minecraft:time_since_rest":943,"minecraft:open_chest":1,"minecraft:crouch_one_cm":1390,"minecraft:play_time":15966,"minecraft:sprint_one_cm":34994,"minecraft:walk_one_cm":46437,"minecraft:damage_taken":680,"minecraft:deaths":2,"minecraft:sneak_time":785,"minecraft:jump":191,"minecraft:damage_dealt":55,"minecraft:leave_game":1,"minecraft:walk_on_water_one_cm":210,"minecraft:time_since_death":892,"minecraft:total_world_time":15966,"minecraft:climb_one_cm":1116,"minecraft:talked_to_villager":4,"minecraft:interact_with_crafting_table":1,"minecraft:fall_one_cm":4292,"minecraft:fly_one_cm":25567},"minecraft:killed_by":{"minecraft:piglin":1},"minecraft:picked_up":{"minecraft:wooden_sword":2,"minecraft:stick":4,"minecraft:water_bucket":1,"minecraft:rotten_flesh":15,"minecraft:slime_ball":4,"minecraft:raw_gold":1,"minecraft:bucket":2,"minecraft:potato":1,"minecraft:spruce_sapling":1,"minecraft:spruce_log":2,"minecraft:cobblestone":13},"minecraft:used":{"minecraft:rotten_flesh":10,"minecraft:wooden_sword":1,"minecraft:wooden_pickaxe":25},"minecraft:mined":{"minecraft:cobblestone":6,"minecraft:stone":19,"minecraft:spruce_log":2},"minecraft:crafted":{"minecraft:spruce_planks":8,"minecraft:stick":4,"minecraft:wooden_pickaxe":1}},"DataVersion":3953}