{"stats":{"minecraft:crafted":{"minecraft:cherry_planks":20,"minecraft:crafting_table":1,"minecraft:spyglass":1,"minecraft:wooden_pickaxe":1,"minecraft:furnace":1,"minecraft:copper_ingot":2,"minecraft:bucket":1,"minecraft:campfire":1,"minecraft:warped_planks":8,"minecraft:diamond_helmet":1,"minecraft:wooden_hoe":1,"minecraft:shield":1,"minecraft:stick":24,"minecraft:iron_ingot":4,"minecraft:stone_pickaxe":1,"minecraft:stone_sword":1,"minecraft:gold_ingot":6,"minecraft:acacia_planks":4,"minecraft:golden_boots":1,"minecraft:diamond_chestplate":1},"minecraft:picked_up":{"minecraft:pink_petals":44,"minecraft:basalt":3,"minecraft:brown_mushroom":1,"minecraft:crimson_fungus":1,"minecraft:tuff":1,"minecraft:dirt":102,"minecraft:moss_carpet":1,"minecraft:raw_copper":20,"minecraft:stonecutter":1,"minecraft:wheat_seeds":5,"minecraft:beetroot":1,"minecraft:red_sand":1,"minecraft:warped_stem":5,"minecraft:cobbled_deepslate":17,"minecraft:raw_gold":7,"minecraft:poppy":1,"minecraft:iron_pickaxe":1,"minecraft:moss_block":1,"minecraft:acacia_sapling":4,"minecraft:smooth_basalt":12,"minecraft:acacia_fence":1,"minecraft:sweet_berries":1,"minecraft:dandelion":1,"minecraft:torch":2,"minecraft:acacia_log":2,"minecraft:dripstone_block":4,"minecraft:amethyst_shard":2,"minecraft:cherry_log":8,"minecraft:mossy_cobblestone":2,"minecraft:weeping_vines":1,"minecraft:rotten_flesh":1,"minecraft:diamond":10,"minecraft:beetroot_seeds":4,"minecraft:polished_basalt":1,"minecraft:red_tulip":1,"minecraft:cherry_sapling":1,"minecraft:coal":1,"minecraft:crimson_roots":7,"minecraft:cobblestone":54},"minecraft:used":{"minecraft:wheat_seeds":5,"minecraft:water_bucket":4,"minecraft:moss_carpet":1,"minecraft:stone_sword":53,"minecraft:stone_pickaxe":11,"minecraft:wooden_pickaxe":36,"minecraft:brown_mushroom":1,"minecraft:rotten_flesh":1,"minecraft:dirt":101,"minecraft:spyglass":19,"minecraft:crafting_table":1,"minecraft:campfire":1,"minecraft:dripstone_block":2,"minecraft:wooden_hoe":45,"minecraft:iron_pickaxe":100,"minecraft:cobblestone":27,"minecraft:sweet_berries":1,"minecraft:furnace":1,"minecraft:beetroot_seeds":2,"minecraft:bucket":4,"minecraft:acacia_planks":2,"minecraft:cobbled_deepslate":17},"minecraft:mined":{"minecraft:deepslate_redstone_ore":1,"minecraft:tuff":1,"minecraft:farmland":1,"minecraft:mossy_cobblestone":3,"minecraft:soul_sand":2,"minecraft:deepslate_diamond_ore":11,"minecraft:cherry_log":12,"minecraft:sculk_vein":7,"minecraft:soul_fire":8,"minecraft:basalt":2,"minecraft:dandelion":1,"minecraft:cornflower":1,"minecraft:torch":2,"minecraft:short_grass":2,"minecraft:red_sand":1,"minecraft:acacia_log":2,"minecraft:grass_block":6,"minecraft:crimson_roots":7,"minecraft:weeping_vines":2,"minecraft:sculk_sensor":11,"minecraft:mushroom_stem":1,"minecraft:copper_ore":11,"minecraft:cobblestone":8,"minecraft:deepslate_gold_ore":4,"minecraft:crimson_fungus":1,"minecraft:moss_block":3,"minecraft:sculk":4,"minecraft:pink_petals":2,"minecraft:seagrass":1,"minecraft:acacia_sapling":1,"minecraft:wheat":8,"minecraft:cobbled_deepslate":1,"minecraft:sweet_berry_bush":1,"minecraft:moss_carpet":1,"minecraft:sculk_shrieker":2,"minecraft:red_tulip":1,"minecraft:coal_ore":1,"minecraft:cave_vines":1,"minecraft:beetroots":2,"minecraft:acacia_fence":2,"minecraft:warped_stem":5,"minecraft:dripstone_block":2,"minecraft:dirt":27,"minecraft:smooth_basalt":8,"minecraft:stone":37,"minecraft:gold_ore":5,"minecraft:deepslate":18},"minecraft:killed_by":{"minecraft:skeleton":1,"minecraft:creeper":1},"minecraft:custom":{"minecraft:interact_with_furnace":5,"minecraft:mob_kills":2,"minecraft:interact_with_crafting_table":15,"minecraft:leave_game":1,"minecraft:time_since_death":14460,"minecraft:climb_one_cm":41,"minecraft:time_since_rest":14497,"minecraft:sprint_one_cm":166254,"minecraft:damage_taken":5115,"minecraft:walk_one_cm":212810,"minecraft:drop":1,"minecraft:damage_dealt":876,"minecraft:talked_to_villager":3,"minecraft:swim_one_cm":1970,"minecraft:fly_one_cm":91155,"minecraft:player_kills":2,"minecraft:open_chest":8,"minecraft:crouch_one_cm":7292,"minecraft:play_time":59379,"minecraft:deaths":20,"minecraft:sneak_time":3326,"minecraft:walk_under_water_one_cm":3469,"minecraft:jump":790,"minecraft:walk_on_water_one_cm":3412,"minecraft:total_world_time":59379,"minecraft:fall_one_cm":30402},"minecraft:dropped":{"minecraft:beetroot_seeds":1},"minecraft:killed":{"minecraft:zombie":1,"minecraft:silverfish":1}},"DataVersion":3953}