{"stats":{"minecraft:custom":{"minecraft:interact_with_furnace":1,"minecraft:mob_kills":20,"minecraft:interact_with_crafting_table":8,"minecraft:open_barrel":1,"minecraft:leave_game":1,"minecraft:time_since_death":1379,"minecraft:climb_one_cm":487,"minecraft:time_since_rest":1439,"minecraft:sprint_one_cm":265031,"minecraft:damage_taken":7765,"minecraft:walk_one_cm":192420,"minecraft:damage_blocked_by_shield":1649,"minecraft:drop":5,"minecraft:damage_dealt":4002,"minecraft:talked_to_villager":3,"minecraft:swim_one_cm":175,"minecraft:fly_one_cm":168290,"minecraft:player_kills":3,"minecraft:open_chest":4,"minecraft:crouch_one_cm":24657,"minecraft:play_time":74811,"minecraft:deaths":29,"minecraft:sneak_time":8767,"minecraft:walk_under_water_one_cm":2332,"minecraft:jump":1046,"minecraft:walk_on_water_one_cm":5794,"minecraft:total_world_time":74811,"minecraft:fall_one_cm":20244},"minecraft:killed_by":{"minecraft:player":5,"minecraft:skeleton":2,"minecraft:creeper":3,"minecraft:spider":2,"minecraft:zombie":4,"minecraft:pillager":1,"minecraft:enderman":2},"minecraft:broken":{"minecraft:golden_chestplate":1},"minecraft:used":{"minecraft:stone_sword":170,"minecraft:wooden_pickaxe":32,"minecraft:spruce_planks":160,"minecraft:chest":3,"minecraft:shield":35,"minecraft:rotten_flesh":4,"minecraft:dirt":10,"minecraft:crafting_table":1,"minecraft:mushroom_stew":1,"minecraft:spruce_stairs":5,"minecraft:wooden_axe":3,"minecraft:diamond_pickaxe":21,"minecraft:stone_axe":55,"minecraft:wooden_sword":27,"minecraft:cobblestone":3,"minecraft:furnace":1},"minecraft:picked_up":{"minecraft:magma_block":1,"minecraft:potato":1,"minecraft:mushroom_stew":1,"minecraft:shield":7,"minecraft:string":2,"minecraft:dirt":10,"minecraft:bone":5,"minecraft:gold_nugget":22,"minecraft:raw_gold":4,"minecraft:spruce_planks":14,"minecraft:iron_ingot":21,"minecraft:trial_key":6,"minecraft:cobblestone_slab":1,"minecraft:chest":1,"minecraft:quartz":5,"minecraft:spruce_stairs":1,"minecraft:spruce_log":64,"minecraft:golden_chestplate":1,"minecraft:spider_eye":2,"minecraft:stone_sword":9,"minecraft:arrow":10,"minecraft:rotten_flesh":75,"minecraft:diamond":3,"minecraft:gold_ingot":9,"minecraft:emerald":9,"minecraft:netherrack":4,"minecraft:cobblestone":25},"minecraft:mined":{"minecraft:nether_gold_ore":6,"minecraft:spruce_planks":15,"minecraft:chest":1,"minecraft:nether_quartz_ore":5,"minecraft:cobblestone":4,"minecraft:tall_grass":1,"minecraft:spruce_leaves":1,"minecraft:deepslate_gold_ore":1,"minecraft:spruce_stairs":1,"minecraft:magma_block":1,"minecraft:ice":7,"minecraft:spruce_log":63,"minecraft:potatoes":1,"minecraft:mycelium":4,"minecraft:dirt":6,"minecraft:packed_ice":6,"minecraft:stone":30,"minecraft:netherrack":4,"minecraft:gold_ore":2},"minecraft:crafted":{"minecraft:wooden_sword":1,"minecraft:wooden_shovel":1,"minecraft:crafting_table":1,"minecraft:spruce_planks":256,"minecraft:wooden_pickaxe":1,"minecraft:furnace":1,"minecraft:stone_axe":1,"minecraft:spruce_stairs":4,"minecraft:diamond_pickaxe":1,"minecraft:stick":16,"minecraft:stone_pickaxe":1,"minecraft:wooden_axe":1,"minecraft:chest":2},"minecraft:dropped":{"minecraft:shield":1,"minecraft:trial_key":3,"minecraft:arrow":4,"minecraft:netherrack":2,"minecraft:bone":3},"minecraft:killed":{"minecraft:piglin":1,"minecraft:skeleton":3,"minecraft:zombie":8}},"DataVersion":3953}