{"stats":{"minecraft:custom":{"minecraft:interact_with_furnace":25,"minecraft:mob_kills":14,"minecraft:traded_with_villager":1,"minecraft:interact_with_crafting_table":7,"minecraft:leave_game":1,"minecraft:time_since_death":2476,"minecraft:time_since_rest":2532,"minecraft:sprint_one_cm":38449,"minecraft:damage_taken":4112,"minecraft:walk_one_cm":153467,"minecraft:damage_dealt":2340,"minecraft:swim_one_cm":7999,"minecraft:talked_to_villager":6,"minecraft:fly_one_cm":25010,"minecraft:open_chest":3,"minecraft:crouch_one_cm":16972,"minecraft:play_time":71862,"minecraft:deaths":14,"minecraft:sneak_time":15709,"minecraft:walk_under_water_one_cm":3020,"minecraft:jump":488,"minecraft:walk_on_water_one_cm":2492,"minecraft:total_world_time":71862,"minecraft:fall_one_cm":9130},"minecraft:killed_by":{"minecraft:player":3,"minecraft:skeleton":1,"minecraft:zombie":1},"minecraft:mined":{"minecraft:tuff":1,"minecraft:sculk_vein":5,"minecraft:amethyst_cluster":2,"minecraft:crafting_table":3,"minecraft:sculk_sensor":3,"minecraft:spruce_leaves":15,"minecraft:sculk":10,"minecraft:amethyst_block":1,"minecraft:furnace":2,"minecraft:spruce_log":85,"minecraft:dirt":3,"minecraft:stone":53,"minecraft:deepslate":14},"minecraft:used":{"minecraft:cooked_mutton":1,"minecraft:water_bucket":1,"minecraft:stone_pickaxe":58,"minecraft:wooden_pickaxe":12,"minecraft:iron_sword":25,"minecraft:cobblestone_slab":7,"minecraft:rotten_flesh":1,"minecraft:dirt":3,"minecraft:mutton":1,"minecraft:crafting_table":3,"minecraft:carrot":1,"minecraft:iron_axe":2,"minecraft:iron_pickaxe":3,"minecraft:stone_axe":98,"minecraft:wooden_sword":16,"minecraft:furnace":2,"minecraft:bucket":1,"minecraft:potato":2,"minecraft:cobbled_deepslate":9},"minecraft:crafted":{"minecraft:wooden_sword":1,"minecraft:crafting_table":1,"minecraft:spruce_planks":164,"minecraft:wooden_pickaxe":1,"minecraft:iron_helmet":1,"minecraft:iron_sword":1,"minecraft:furnace":1,"minecraft:stone":49,"minecraft:cooked_mutton":1,"minecraft:iron_boots":1,"minecraft:iron_chestplate":1,"minecraft:charcoal":6,"minecraft:iron_axe":1,"minecraft:stick":16,"minecraft:iron_ingot":32,"minecraft:iron_pickaxe":1,"minecraft:stone_pickaxe":1,"minecraft:iron_leggings":1},"minecraft:picked_up":{"minecraft:charcoal":1,"minecraft:crafting_table":3,"minecraft:water_bucket":1,"minecraft:potato":2,"minecraft:tuff":1,"minecraft:amethyst_block":1,"minecraft:dirt":3,"minecraft:cobbled_deepslate":14,"minecraft:stone_pickaxe":1,"minecraft:cobblestone_slab":27,"minecraft:furnace":2,"minecraft:amethyst_shard":10,"minecraft:spruce_sapling":2,"minecraft:spruce_log":86,"minecraft:carrot":1,"minecraft:barrel":1,"minecraft:rotten_flesh":7,"minecraft:stone_axe":1,"minecraft:mutton":2,"minecraft:white_wool":1,"minecraft:cobblestone":60},"minecraft:killed":{"minecraft:sheep":1,"minecraft:zombie":12}},"DataVersion":3953}