{"stats":{"minecraft:custom":{"minecraft:time_since_rest":118,"minecraft:sprint_one_cm":165938,"minecraft:damage_taken":4362,"minecraft:walk_one_cm":90632,"minecraft:damage_blocked_by_shield":106,"minecraft:mob_kills":2,"minecraft:damage_dealt":1110,"minecraft:talked_to_villager":5,"minecraft:swim_one_cm":173,"minecraft:interact_with_crafting_table":5,"minecraft:fly_one_cm":88235,"minecraft:player_kills":3,"minecraft:open_chest":1,"minecraft:crouch_one_cm":2056,"minecraft:play_time":33023,"minecraft:deaths":16,"minecraft:sneak_time":1361,"minecraft:walk_under_water_one_cm":1533,"minecraft:jump":576,"minecraft:leave_game":2,"minecraft:time_since_death":0,"minecraft:walk_on_water_one_cm":437,"minecraft:total_world_time":33023,"minecraft:climb_one_cm":563,"minecraft:fall_one_cm":13095},"minecraft:broken":{"minecraft:wooden_pickaxe":1},"minecraft:used":{"minecraft:shield":8,"minecraft:spruce_planks":10,"minecraft:wooden_pickaxe":38,"minecraft:spruce_sapling":2,"minecraft:rotten_flesh":1,"minecraft:diamond_sword":67,"minecraft:cobblestone":7,"minecraft:crafting_table":1},"minecraft:killed_by":{"minecraft:player":8,"minecraft:skeleton":1},"minecraft:mined":{"minecraft:nether_sprouts":1,"minecraft:spruce_log":11,"minecraft:crafting_table":1,"minecraft:warped_roots":1,"minecraft:stone":12,"minecraft:spruce_leaves":31},"minecraft:crafted":{"minecraft:diamond_sword":1,"minecraft:shield":1,"minecraft:crafting_table":1,"minecraft:spruce_planks":44,"minecraft:stick":4,"minecraft:wooden_pickaxe":1},"minecraft:picked_up":{"minecraft:crafting_table":1,"minecraft:spruce_sapling":2,"minecraft:pointed_dripstone":1,"minecraft:spruce_log":14,"minecraft:rotten_flesh":1,"minecraft:diamond":6,"minecraft:iron_ingot":7,"minecraft:gold_ingot":16,"minecraft:warped_roots":1,"minecraft:cobblestone":14,"minecraft:ender_pearl":1},"minecraft:killed":{"minecraft:zombie":1,"minecraft:enderman":1}},"DataVersion":3953}