{"stats":{"minecraft:custom":{"minecraft:mob_kills":50,"minecraft:interact_with_crafting_table":86,"minecraft:open_barrel":2,"minecraft:leave_game":7,"minecraft:time_since_death":17204,"minecraft:sprint_one_cm":839617,"minecraft:walk_one_cm":915084,"minecraft:damage_blocked_by_shield":192,"minecraft:drop":18,"minecraft:talked_to_villager":7,"minecraft:play_time":305877,"minecraft:deaths":60,"minecraft:sneak_time":22013,"minecraft:walk_under_water_one_cm":82830,"minecraft:jump":3828,"minecraft:walk_on_water_one_cm":34917,"minecraft:total_world_time":305877,"minecraft:interact_with_furnace":21,"minecraft:traded_with_villager":6,"minecraft:time_since_rest":17237,"minecraft:damage_taken":31050,"minecraft:damage_dealt":8088,"minecraft:player_kills":5,"minecraft:swim_one_cm":5807,"minecraft:fly_one_cm":734719,"minecraft:open_chest":43,"minecraft:crouch_one_cm":54488,"minecraft:fall_one_cm":208252},"minecraft:killed_by":{"minecraft:player":23,"minecraft:creeper":2,"minecraft:skeleton":2,"minecraft:zombie":5},"minecraft:broken":{"minecraft:golden_boots":1,"minecraft:iron_chestplate":1,"minecraft:diamond_leggings":1,"minecraft:wooden_pickaxe":1,"minecraft:stone_pickaxe":4,"minecraft:iron_pickaxe":1,"minecraft:iron_helmet":1},"minecraft:used":{"minecraft:red_sand":4,"minecraft:stone_sword":103,"minecraft:dead_tube_coral_block":1,"minecraft:stone_shovel":55,"minecraft:chest":2,"minecraft:spruce_planks":21,"minecraft:shield":4,"minecraft:stone":1,"minecraft:iron_sword":344,"minecraft:netherrack":7,"minecraft:stone_hoe":82,"minecraft:rotten_flesh":14,"minecraft:iron_chestplate":1,"minecraft:torch":48,"minecraft:dirt":141,"minecraft:carrot":7,"minecraft:allium":2,"minecraft:diamond_helmet":1,"minecraft:acacia_sapling":9,"minecraft:spruce_fence":1,"minecraft:iron_axe":31,"minecraft:acacia_slab":4,"minecraft:iron_helmet":1,"minecraft:smooth_basalt":14,"minecraft:diamond_chestplate":1,"minecraft:furnace":9,"minecraft:acacia_fence":66,"minecraft:acacia_planks":6,"minecraft:golden_boots":1,"minecraft:calcite":6,"minecraft:wheat_seeds":150,"minecraft:water_bucket":15,"minecraft:amethyst_block":8,"minecraft:diamond_boots":1,"minecraft:stone_pickaxe":530,"minecraft:wooden_pickaxe":65,"minecraft:spruce_sign":4,"minecraft:cobblestone_slab":76,"minecraft:sugar_cane":1,"minecraft:mossy_cobblestone":1,"minecraft:sand":1,"minecraft:crafting_table":6,"minecraft:light_gray_terracotta":2,"minecraft:shears":22,"minecraft:acacia_door":2,"minecraft:acacia_sign":3,"minecraft:bread":21,"minecraft:iron_pickaxe":250,"minecraft:stone_axe":50,"minecraft:cobblestone":473,"minecraft:bucket":15,"minecraft:dandelion":1,"minecraft:bone_meal":57,"minecraft:cobweb":1},"minecraft:picked_up":{"minecraft:crafting_table":3,"minecraft:allium":2,"minecraft:wheat":77,"minecraft:amethyst_block":8,"minecraft:string":6,"minecraft:dead_tube_coral_block":1,"minecraft:raw_copper":41,"minecraft:red_sand":17,"minecraft:cobbled_deepslate":11,"minecraft:spruce_planks":11,"minecraft:acacia_sign":1,"minecraft:calcite":7,"minecraft:cobblestone_slab":7,"minecraft:poppy":2,"minecraft:sugar_cane":1,"minecraft:coal_block":3,"minecraft:furnace":2,"minecraft:stick":36,"minecraft:raw_iron":10,"minecraft:acacia_fence":1,"minecraft:torch":4,"minecraft:acacia_log":41,"minecraft:spruce_fence":1,"minecraft:carrot":7,"minecraft:stone_sword":1,"minecraft:arrow":3,"minecraft:cactus":3,"minecraft:rotten_flesh":15,"minecraft:armadillo_scute":2,"minecraft:gold_ingot":41,"minecraft:snowball":53,"minecraft:cobblestone":639,"minecraft:pink_petals":31,"minecraft:magma_block":13,"minecraft:lily_pad":1,"minecraft:dirt":141,"minecraft:bone":9,"minecraft:acacia_planks":6,"minecraft:kelp":1,"minecraft:bow":2,"minecraft:wheat_seeds":239,"minecraft:raw_gold":1,"minecraft:iron_ingot":65,"minecraft:cobweb":22,"minecraft:acacia_sapling":12,"minecraft:smooth_basalt":14,"minecraft:dandelion":1,"minecraft:amethyst_shard":20,"minecraft:sand":1,"minecraft:spruce_log":6,"minecraft:spider_eye":1,"minecraft:mossy_cobblestone":1,"minecraft:light_gray_terracotta":2,"minecraft:slime_ball":17,"minecraft:diamond":19,"minecraft:white_concrete":1,"minecraft:spruce_sign":4,"minecraft:terracotta":1,"minecraft:acacia_slab":4,"minecraft:netherrack":15,"minecraft:coal":20},"minecraft:mined":{"minecraft:spruce_planks":10,"minecraft:mossy_cobblestone":1,"minecraft:cave_vines_plant":1,"minecraft:budding_amethyst":2,"minecraft:red_sand":1,"minecraft:acacia_log":41,"minecraft:infested_cobblestone":4,"minecraft:grass_block":32,"minecraft:spruce_fence":1,"minecraft:dead_tube_coral_block":1,"minecraft:coal_block":3,"minecraft:acacia_slab":4,"minecraft:kelp":1,"minecraft:tall_seagrass":2,"minecraft:magma_block":13,"minecraft:furnace":2,"minecraft:carrots":1,"minecraft:iron_ore":12,"minecraft:cobbled_deepslate":2,"minecraft:snow":55,"minecraft:cobblestone_slab":6,"minecraft:packed_ice":1,"minecraft:stone":100,"minecraft:spruce_slab":4,"minecraft:acacia_leaves":5,"minecraft:amethyst_cluster":4,"minecraft:dandelion":1,"minecraft:crafting_table":3,"minecraft:torch":4,"minecraft:light_gray_terracotta":2,"minecraft:short_grass":29,"minecraft:calcite":4,"minecraft:poppy":1,"minecraft:dead_bush":18,"minecraft:sculk_sensor":1,"minecraft:spruce_wall_sign":2,"minecraft:cobblestone":569,"minecraft:copper_ore":14,"minecraft:tall_grass":12,"minecraft:wall_torch":2,"minecraft:amethyst_block":8,"minecraft:seagrass":2,"minecraft:acacia_sapling":1,"minecraft:blue_ice":2,"minecraft:wheat":73,"minecraft:spruce_log":3,"minecraft:coal_ore":17,"minecraft:acacia_fence":1,"minecraft:dirt":53,"minecraft:cobweb":22,"minecraft:smooth_basalt":13,"minecraft:terracotta":1,"minecraft:netherrack":15,"minecraft:gold_ore":1,"minecraft:deepslate":9},"minecraft:crafted":{"minecraft:stone_shovel":1,"minecraft:cobblestone_slab":72,"minecraft:coal":27,"minecraft:furnace":7,"minecraft:stone":23,"minecraft:bone_meal":57,"minecraft:diamond_helmet":1,"minecraft:diamond_leggings":1,"minecraft:iron_axe":2,"minecraft:stone_pickaxe":6,"minecraft:chest":2,"minecraft:diamond_boots":1,"minecraft:acacia_fence":66,"minecraft:prismarine_shard":4,"minecraft:stone_hoe":1,"minecraft:golden_boots":1,"minecraft:crafting_table":3,"minecraft:spruce_planks":24,"minecraft:wooden_pickaxe":1,"minecraft:iron_helmet":1,"minecraft:iron_sword":3,"minecraft:bucket":2,"minecraft:bread":23,"minecraft:iron_chestplate":1,"minecraft:acacia_sign":3,"minecraft:gold_nugget":18,"minecraft:shield":1,"minecraft:raw_gold":8,"minecraft:stick":52,"minecraft:iron_ingot":10,"minecraft:iron_pickaxe":1,"minecraft:stone_sword":1,"minecraft:acacia_door":3,"minecraft:gold_ingot":9,"minecraft:acacia_planks":164,"minecraft:torch":44,"minecraft:shears":1,"minecraft:diamond_chestplate":1},"minecraft:killed":{"minecraft:armadillo":1,"minecraft:spider":4,"minecraft:slime":34,"minecraft:skeleton":4,"minecraft:zombie":7},"minecraft:dropped":{"minecraft:bread":2,"minecraft:iron_sword":1,"minecraft:gray_stained_glass_pane":23,"minecraft:cobblestone":18,"minecraft:cobweb":21,"minecraft:white_concrete":1,"minecraft:iron_axe":1,"minecraft:pink_petals":22,"minecraft:kelp":1,"minecraft:poppy":1,"minecraft:cobblestone_slab":3,"minecraft:red_sand":13,"minecraft:calcite":1}},"DataVersion":3953}