{"stats":{"minecraft:custom":{"minecraft:interact_with_furnace":2,"minecraft:mob_kills":4,"minecraft:interact_with_crafting_table":6,"minecraft:leave_game":1,"minecraft:time_since_death":23461,"minecraft:time_since_rest":23756,"minecraft:sprint_one_cm":238642,"minecraft:damage_taken":7061,"minecraft:walk_one_cm":132508,"minecraft:damage_blocked_by_shield":908,"minecraft:drop":2,"minecraft:damage_dealt":1579,"minecraft:talked_to_villager":4,"minecraft:fly_one_cm":208662,"minecraft:player_kills":4,"minecraft:open_chest":1,"minecraft:crouch_one_cm":2531,"minecraft:play_time":74921,"minecraft:deaths":26,"minecraft:sneak_time":1619,"minecraft:walk_under_water_one_cm":6821,"minecraft:jump":894,"minecraft:walk_on_water_one_cm":1353,"minecraft:total_world_time":74921,"minecraft:fall_one_cm":17733},"minecraft:killed_by":{"minecraft:player":6,"minecraft:skeleton":1,"minecraft:spider":1,"minecraft:zombie":1},"minecraft:broken":{"minecraft:stone_axe":1},"minecraft:used":{"minecraft:spruce_slab":203,"minecraft:shield":23,"minecraft:spruce_planks":21,"minecraft:wooden_pickaxe":37,"minecraft:torch":4,"minecraft:dirt":11,"minecraft:crafting_table":2,"minecraft:stripped_spruce_log":3,"minecraft:stone_axe":47,"minecraft:wooden_sword":46,"minecraft:potato":46},"minecraft:picked_up":{"minecraft:pink_petals":2,"minecraft:potato":67,"minecraft:dirt":12,"minecraft:wooden_sword":1,"minecraft:acacia_planks":1,"minecraft:spruce_planks":7,"minecraft:iron_ingot":1,"minecraft:cobblestone_slab":4,"minecraft:calcite":1,"minecraft:azalea":1,"minecraft:spruce_slab":8,"minecraft:moss_block":1,"minecraft:chest":1,"minecraft:acacia_sapling":1,"minecraft:stick":1,"minecraft:acacia_fence":6,"minecraft:torch":4,"minecraft:stripped_spruce_log":3,"minecraft:spruce_sapling":3,"minecraft:spruce_log":34,"minecraft:redstone":13,"minecraft:arrow":1,"minecraft:rotten_flesh":2,"minecraft:slime_ball":1,"minecraft:stone_axe":1,"minecraft:cherry_slab":2,"minecraft:chorus_fruit":11,"minecraft:snowball":20,"minecraft:cobblestone":2},"minecraft:mined":{"minecraft:podzol":1,"minecraft:spruce_planks":3,"minecraft:torch":2,"minecraft:grass_block":3,"minecraft:chest":1,"minecraft:cobblestone":4,"minecraft:spruce_leaves":10,"minecraft:moss_block":1,"minecraft:spruce_sapling":1,"minecraft:spruce_log":35,"minecraft:stripped_spruce_log":3,"minecraft:potatoes":4,"minecraft:cobblestone_slab":3,"minecraft:dirt":13,"minecraft:packed_ice":1,"minecraft:chorus_plant":1,"minecraft:spruce_slab":15},"minecraft:crafted":{"minecraft:wooden_sword":1,"minecraft:crafting_table":2,"minecraft:spruce_planks":136,"minecraft:wooden_pickaxe":1,"minecraft:shield":1,"minecraft:spruce_slab":198,"minecraft:stick":4},"minecraft:dropped":{"minecraft:acacia_sapling":1,"minecraft:wooden_sword":1},"minecraft:killed":{"minecraft:slime":1,"minecraft:zombie":3}},"DataVersion":3953}