{"stats":{"minecraft:custom":{"minecraft:interact_with_furnace":24,"minecraft:mob_kills":23,"minecraft:traded_with_villager":1,"minecraft:interact_with_crafting_table":24,"minecraft:leave_game":4,"minecraft:time_since_death":0,"minecraft:time_since_rest":24,"minecraft:sprint_one_cm":246815,"minecraft:damage_taken":7650,"minecraft:walk_one_cm":159453,"minecraft:drop":10,"minecraft:damage_dealt":3031,"minecraft:talked_to_villager":4,"minecraft:swim_one_cm":767,"minecraft:fly_one_cm":469104,"minecraft:player_kills":2,"minecraft:open_chest":4,"minecraft:crouch_one_cm":15048,"minecraft:play_time":83477,"minecraft:deaths":28,"minecraft:sneak_time":4785,"minecraft:walk_under_water_one_cm":2810,"minecraft:jump":1874,"minecraft:walk_on_water_one_cm":4565,"minecraft:total_world_time":83477,"minecraft:fall_one_cm":42918},"minecraft:killed_by":{"minecraft:player":2,"minecraft:creeper":3,"minecraft:zombie":2,"minecraft:slime":1},"minecraft:broken":{"minecraft:stone_sword":1},"minecraft:used":{"minecraft:stone_sword":132,"minecraft:chorus_fruit":19,"minecraft:stone_pickaxe":119,"minecraft:spruce_planks":231,"minecraft:wooden_pickaxe":5,"minecraft:iron_sword":12,"minecraft:rotten_flesh":9,"minecraft:netherrack":2,"minecraft:iron_chestplate":1,"minecraft:torch":11,"minecraft:dirt":24,"minecraft:crafting_table":4,"minecraft:spruce_log":1,"minecraft:wooden_axe":10,"minecraft:iron_boots":1,"minecraft:spruce_sapling":5,"minecraft:stone_axe":122,"minecraft:wooden_sword":17,"minecraft:cobblestone":45,"minecraft:furnace":3,"minecraft:potato":46,"minecraft:acacia_planks":1,"minecraft:cobbled_deepslate":1,"minecraft:bone_meal":3},"minecraft:picked_up":{"minecraft:crafting_table":4,"minecraft:potato":80,"minecraft:dirt":24,"minecraft:bone":3,"minecraft:acacia_planks":1,"minecraft:wheat_seeds":2,"minecraft:cobbled_deepslate":1,"minecraft:spruce_planks":32,"minecraft:sugar_cane":16,"minecraft:furnace":2,"minecraft:stick":1,"minecraft:stone":1,"minecraft:torch":1,"minecraft:spruce_sapling":5,"minecraft:spruce_log":104,"minecraft:stone_sword":1,"minecraft:rotten_flesh":9,"minecraft:slime_ball":14,"minecraft:netherrack":2,"minecraft:chorus_fruit":28,"minecraft:coal":3,"minecraft:snowball":2,"minecraft:cobblestone":204},"minecraft:mined":{"minecraft:spruce_planks":1,"minecraft:crafting_table":3,"minecraft:torch":1,"minecraft:tall_grass":1,"minecraft:cobblestone":16,"minecraft:spruce_leaves":60,"minecraft:sugar_cane":9,"minecraft:seagrass":1,"minecraft:spruce_sapling":1,"minecraft:furnace":2,"minecraft:spruce_log":103,"minecraft:potatoes":21,"minecraft:coal_ore":3,"minecraft:dirt":2,"minecraft:chorus_plant":2,"minecraft:acacia_planks":1,"minecraft:stone":98,"minecraft:netherrack":3},"minecraft:crafted":{"minecraft:wooden_sword":1,"minecraft:spruce_planks":388,"minecraft:wooden_pickaxe":1,"minecraft:iron_helmet":1,"minecraft:iron_sword":1,"minecraft:furnace":1,"minecraft:stone":44,"minecraft:bone_meal":3,"minecraft:stone_axe":2,"minecraft:iron_boots":1,"minecraft:iron_chestplate":1,"minecraft:iron_axe":1,"minecraft:stick":24,"minecraft:iron_ingot":32,"minecraft:iron_pickaxe":1,"minecraft:stone_pickaxe":1,"minecraft:wooden_axe":1,"minecraft:iron_leggings":1,"minecraft:torch":12},"minecraft:killed":{"minecraft:slime":14,"minecraft:zombie":5},"minecraft:dropped":{"minecraft:stone_axe":1,"minecraft:wheat_seeds":2,"minecraft:cobblestone":3,"minecraft:spruce_planks":3,"minecraft:wooden_axe":1,"minecraft:wooden_pickaxe":1}},"DataVersion":3953}