{"stats":{"minecraft:custom":{"minecraft:time_since_rest":1570,"minecraft:sprint_one_cm":80908,"minecraft:damage_taken":2904,"minecraft:walk_one_cm":284251,"minecraft:damage_dealt":20,"minecraft:traded_with_villager":1,"minecraft:talked_to_villager":11,"minecraft:interact_with_crafting_table":6,"minecraft:fly_one_cm":62743,"minecraft:open_barrel":1,"minecraft:open_chest":9,"minecraft:crouch_one_cm":71003,"minecraft:play_time":78548,"minecraft:deaths":12,"minecraft:sneak_time":21898,"minecraft:jump":361,"minecraft:leave_game":2,"minecraft:time_since_death":1528,"minecraft:total_world_time":78548,"minecraft:fall_one_cm":6769},"minecraft:broken":{"minecraft:diamond_pickaxe":1},"minecraft:used":{"minecraft:diamond_pickaxe":350,"minecraft:dead_tube_coral_block":2,"minecraft:string":1,"minecraft:diamond_axe":46,"minecraft:cobblestone_slab":332,"minecraft:torch":1,"minecraft:coal_block":1,"minecraft:dirt":5,"minecraft:cobblestone":2,"minecraft:cobblestone_wall":70},"minecraft:picked_up":{"minecraft:stick":4,"minecraft:allium":1,"minecraft:torch":1,"minecraft:spruce_fence":2,"minecraft:cherry_log":10,"minecraft:spruce_sapling":6,"minecraft:spruce_log":1,"minecraft:cobblestone_wall":19,"minecraft:dirt":7,"minecraft:string":1,"minecraft:dead_tube_coral_block":2,"minecraft:diamond":1,"minecraft:cherry_sapling":3,"minecraft:cobblestone_slab":146,"minecraft:coal_block":2,"minecraft:obsidian":1,"minecraft:cobblestone":106},"minecraft:mined":{"minecraft:diamond_ore":2,"minecraft:cherry_planks":14,"minecraft:cobblestone_wall":20,"minecraft:cherry_log":15,"minecraft:blue_ice":1,"minecraft:spruce_log":1,"minecraft:obsidian":1,"minecraft:grass_block":2,"minecraft:dead_tube_coral_block":2,"minecraft:cobblestone_slab":171,"minecraft:cherry_leaves":58,"minecraft:dirt":5,"minecraft:coal_block":2,"minecraft:cobblestone":124,"minecraft:tripwire":1},"minecraft:crafted":{"minecraft:cobblestone_slab":78,"minecraft:diamond_pickaxe":1,"minecraft:diamond_axe":1,"minecraft:cobblestone_wall":78,"minecraft:dirt":64}},"DataVersion":3953}