{"stats":{"minecraft:custom":{"minecraft:time_since_rest":21679,"minecraft:interact_with_furnace":4,"minecraft:sprint_one_cm":30907,"minecraft:damage_taken":80,"minecraft:walk_one_cm":56803,"minecraft:interact_with_crafting_table":8,"minecraft:fly_one_cm":5811,"minecraft:open_chest":1,"minecraft:crouch_one_cm":6772,"minecraft:play_time":21679,"minecraft:sneak_time":3513,"minecraft:jump":71,"minecraft:leave_game":2,"minecraft:time_since_death":21679,"minecraft:walk_on_water_one_cm":2635,"minecraft:total_world_time":21679,"minecraft:fall_one_cm":480},"minecraft:used":{"minecraft:wooden_axe":26,"minecraft:spruce_door":1,"minecraft:orange_concrete":9,"minecraft:spruce_slab":51,"minecraft:stone_pickaxe":3,"minecraft:spruce_planks":6,"minecraft:spruce_sign":1,"minecraft:torch":1,"minecraft:cobblestone":1,"minecraft:crafting_table":3,"minecraft:furnace":1},"minecraft:picked_up":{"minecraft:crafting_table":1,"minecraft:stick":1,"minecraft:torch":1,"minecraft:spruce_fence":2,"minecraft:spruce_sapling":1,"minecraft:spruce_log":17,"minecraft:orange_concrete":19,"minecraft:spruce_planks":2,"minecraft:spruce_slab":6,"minecraft:cobblestone":64},"minecraft:mined":{"minecraft:orange_concrete":2,"minecraft:spruce_planks":2,"minecraft:spruce_log":18,"minecraft:crafting_table":1,"minecraft:torch":1,"minecraft:spruce_fence":2,"minecraft:cobblestone":1,"minecraft:spruce_leaves":5,"minecraft:spruce_slab":7},"minecraft:crafted":{"minecraft:charcoal":4,"minecraft:spruce_sign":6,"minecraft:crafting_table":2,"minecraft:spruce_planks":52,"minecraft:spruce_slab":54,"minecraft:stick":12,"minecraft:stone_pickaxe":1,"minecraft:wooden_axe":1,"minecraft:spruce_door":3,"minecraft:furnace":1,"minecraft:torch":8}},"DataVersion":3953}