{"stats":{"minecraft:custom":{"minecraft:interact_with_crafting_table":43,"minecraft:open_barrel":10,"minecraft:leave_game":8,"minecraft:time_since_death":1595,"minecraft:sprint_one_cm":1235181,"minecraft:damage_blocked_by_shield":1498,"minecraft:drop":123,"minecraft:talked_to_villager":18,"minecraft:play_time":383344,"minecraft:deaths":172,"minecraft:jump":5234,"minecraft:walk_on_water_one_cm":25091,"minecraft:interact_with_furnace":9,"minecraft:sleep_in_bed":1,"minecraft:damage_dealt":19105,"minecraft:player_kills":45,"minecraft:crouch_one_cm":152045,"minecraft:mob_kills":30,"minecraft:climb_one_cm":366,"minecraft:walk_one_cm":699736,"minecraft:sneak_time":61304,"minecraft:walk_under_water_one_cm":28595,"minecraft:boat_one_cm":1886,"minecraft:total_world_time":383344,"minecraft:time_since_rest":1634,"minecraft:damage_taken":56750,"minecraft:swim_one_cm":39089,"minecraft:fly_one_cm":1083769,"minecraft:open_chest":44,"minecraft:fall_one_cm":253148},"minecraft:dropped":{"minecraft:spruce_sign":3,"minecraft:crafting_table":1,"minecraft:jungle_planks":4,"minecraft:sand":3,"minecraft:iron_pickaxe":1,"minecraft:gold_ingot":8,"minecraft:prize_pottery_sherd":4,"minecraft:wheat":7,"minecraft:pointed_dripstone":1,"minecraft:breeze_rod":4,"minecraft:spruce_slab":4,"minecraft:arrow":1,"minecraft:acacia_fence":1,"minecraft:enchanted_book":1,"minecraft:water_bucket":1,"minecraft:wheat_seeds":6,"minecraft:cherry_log":7,"minecraft:mossy_cobblestone":1,"minecraft:dripstone_block":2,"minecraft:yellow_concrete":16,"minecraft:poisonous_potato":1,"minecraft:coal":21,"minecraft:mushroom_stew":1,"minecraft:stick":19,"minecraft:oxeye_daisy":4,"minecraft:lava_bucket":2,"minecraft:torch":3,"minecraft:white_concrete":8,"minecraft:pink_petals":6,"minecraft:acacia_planks":2,"minecraft:spruce_sapling":4,"minecraft:furnace":1,"minecraft:cocoa_beans":6,"minecraft:raw_copper":20,"minecraft:bowl":1,"minecraft:raw_iron":24,"minecraft:spruce_fence":1,"minecraft:deepslate_bricks":2,"minecraft:cobblestone_slab":28,"minecraft:allium":3,"minecraft:spruce_planks":61,"minecraft:wooden_shovel":1,"minecraft:spruce_log":177,"minecraft:stone_pickaxe":1,"minecraft:wooden_pickaxe":1},"minecraft:broken":{"minecraft:stone_axe":1,"minecraft:stone_shovel":1},"minecraft:killed_by":{"minecraft:creeper":1,"minecraft:zombie":5,"minecraft:player":63,"minecraft:spider":1,"minecraft:skeleton":3},"minecraft:used":{"minecraft:moss_block":5,"minecraft:moss_carpet":1,"minecraft:spruce_slab":80,"minecraft:chest":2,"minecraft:shield":47,"minecraft:rotten_flesh":1,"minecraft:soul_sand":5,"minecraft:carrot":2,"minecraft:tuff":3,"minecraft:lava_bucket":8,"minecraft:lantern":1,"minecraft:furnace":1,"minecraft:acacia_fence":6,"minecraft:potato":37,"minecraft:dark_oak_sapling":4,"minecraft:diamond_boots":1,"minecraft:stone_pickaxe":40,"minecraft:ender_pearl":1,"minecraft:wooden_pickaxe":3,"minecraft:diamond_axe":880,"minecraft:sugar_cane":17,"minecraft:mushroom_stew":7,"minecraft:diamond_sword":391,"minecraft:white_concrete":18,"minecraft:bone_meal":2,"minecraft:stone_sword":56,"minecraft:stone_shovel":165,"minecraft:spruce_planks":363,"minecraft:netherrack":2,"minecraft:torch":21,"minecraft:dirt":167,"minecraft:diamond_helmet":1,"minecraft:spruce_fence":22,"minecraft:dark_oak_planks":187,"minecraft:cherry_slab":10,"minecraft:acacia_slab":13,"minecraft:diamond_chestplate":1,"minecraft:beef":1,"minecraft:cobbled_deepslate":36,"minecraft:acacia_planks":21,"minecraft:water_bucket":3,"minecraft:cherry_planks":4,"minecraft:spruce_sign":5,"minecraft:cobblestone_slab":40,"minecraft:mossy_cobblestone":1,"minecraft:crafting_table":18,"minecraft:white_bed":2,"minecraft:cod":1,"minecraft:diamond_pickaxe":486,"minecraft:diamond_shovel":47,"minecraft:acacia_sign":4,"minecraft:wind_charge":40,"minecraft:iron_pickaxe":232,"minecraft:stone_axe":131,"minecraft:cobblestone":87,"minecraft:cobbled_deepslate_slab":44,"minecraft:bucket":10,"minecraft:diamond_leggings":1},"minecraft:mined":{"minecraft:dark_oak_planks":7,"minecraft:spruce_planks":36,"minecraft:white_bed":2,"minecraft:jungle_slab":2,"minecraft:cherry_log":6,"minecraft:grass_block":28,"minecraft:infested_cobblestone":6,"minecraft:blue_concrete":14,"minecraft:white_concrete":91,"minecraft:soul_soil":8,"minecraft:purple_stained_glass_pane":8,"minecraft:deepslate_bricks":1,"minecraft:oxeye_daisy":4,"minecraft:red_stained_glass_pane":1,"minecraft:spawner":4,"minecraft:orange_concrete":20,"minecraft:tall_seagrass":14,"minecraft:iron_ore":8,"minecraft:cobbled_deepslate":10,"minecraft:barrel":1,"minecraft:moss_carpet":1,"minecraft:deepslate_lapis_ore":3,"minecraft:pointed_dripstone":1,"minecraft:pink_tulip":1,"minecraft:azalea":2,"minecraft:spruce_slab":27,"minecraft:brown_mushroom":11,"minecraft:kelp_plant":3,"minecraft:powder_snow":2,"minecraft:torch":29,"minecraft:mushroom_stem":14,"minecraft:spruce_wall_sign":1,"minecraft:nether_quartz_ore":8,"minecraft:cobblestone":115,"minecraft:slime_block":1,"minecraft:prismarine":5,"minecraft:sugar_cane":19,"minecraft:wall_torch":1,"minecraft:spruce_sign":8,"minecraft:cherry_slab":16,"minecraft:pink_petals":7,"minecraft:seagrass":37,"minecraft:birch_log":4,"minecraft:wheat":11,"minecraft:acacia_fence":4,"minecraft:dirt":262,"minecraft:smooth_basalt":7,"minecraft:acacia_sign":3,"minecraft:red_mushroom_block":81,"minecraft:netherrack":3,"minecraft:deepslate":104,"minecraft:dark_prismarine":3,"minecraft:diamond_ore":1,"minecraft:tube_coral":1,"minecraft:tuff":3,"minecraft:blue_stained_glass_pane":6,"minecraft:mossy_cobblestone":2,"minecraft:dark_oak_leaves":4,"minecraft:deepslate_diamond_ore":38,"minecraft:cherry_sapling":3,"minecraft:dark_oak_log":45,"minecraft:sea_lantern":1,"minecraft:glow_lichen":2,"minecraft:cobbled_deepslate_slab":5,"minecraft:allium":6,"minecraft:spruce_fence":20,"minecraft:jungle_planks":27,"minecraft:magenta_concrete":24,"minecraft:brown_mushroom_block":12,"minecraft:spruce_leaves":44,"minecraft:acacia_slab":7,"minecraft:moss_block":16,"minecraft:kelp":13,"minecraft:red_mushroom":10,"minecraft:sandstone":3,"minecraft:magenta_stained_glass_pane":8,"minecraft:redstone_ore":4,"minecraft:spruce_sapling":2,"minecraft:furnace":1,"minecraft:carrots":11,"minecraft:orange_stained_glass_pane":7,"minecraft:stripped_spruce_log":11,"minecraft:potatoes":51,"minecraft:deepslate_iron_ore":5,"minecraft:cobblestone_slab":11,"minecraft:stripped_acacia_log":3,"minecraft:stone":95,"minecraft:brain_coral":1,"minecraft:podzol":2,"minecraft:cherry_planks":14,"minecraft:fire_coral":1,"minecraft:oak_fence":1,"minecraft:crafting_table":18,"minecraft:purple_wall_banner":2,"minecraft:short_grass":40,"minecraft:copper_ore":1,"minecraft:tall_grass":19,"minecraft:lapis_ore":6,"minecraft:red_concrete":20,"minecraft:sculk":38,"minecraft:bubble_coral":1,"minecraft:cobblestone_wall":1,"minecraft:spruce_log":273,"minecraft:birch_leaves":1,"minecraft:purple_concrete":23,"minecraft:mycelium":3,"minecraft:cherry_leaves":3,"minecraft:yellow_concrete":10,"minecraft:acacia_planks":18,"minecraft:orange_wall_banner":1,"minecraft:acacia_wall_sign":2},"minecraft:crafted":{"minecraft:diamond_shovel":1,"minecraft:diamond_helmet":1,"minecraft:diamond_leggings":1,"minecraft:chest":2,"minecraft:acacia_fence":6,"minecraft:diamond_axe":1,"minecraft:crafting_table":2,"minecraft:spruce_planks":436,"minecraft:acacia_slab":12,"minecraft:wooden_pickaxe":1,"minecraft:birch_planks":16,"minecraft:diamond_pickaxe":1,"minecraft:shield":1,"minecraft:stick":40,"minecraft:iron_ingot":3,"minecraft:iron_pickaxe":1,"minecraft:stone_sword":1,"minecraft:cobbled_deepslate_slab":42,"minecraft:stone_shovel":2,"minecraft:wind_charge":40,"minecraft:furnace":1,"minecraft:mushroom_stew":8,"minecraft:spruce_slab":72,"minecraft:stone_pickaxe":1,"minecraft:diamond_boots":1,"minecraft:dark_oak_planks":180,"minecraft:diamond_sword":1,"minecraft:spruce_sign":6,"minecraft:bowl":8,"minecraft:stone_axe":1,"minecraft:acacia_planks":8,"minecraft:diamond_chestplate":1},"minecraft:picked_up":{"minecraft:wooden_axe":1,"minecraft:wheat":7,"minecraft:blue_concrete":12,"minecraft:raw_copper":10,"minecraft:soul_soil":2,"minecraft:wayfinder_armor_trim_smithing_template":1,"minecraft:purple_banner":1,"minecraft:cobbled_deepslate":57,"minecraft:spruce_planks":85,"minecraft:acacia_sign":4,"minecraft:cobblestone_slab":68,"minecraft:azalea":1,"minecraft:wooden_shovel":1,"minecraft:furnace":1,"minecraft:stick":7,"minecraft:acacia_fence":1,"minecraft:torch":34,"minecraft:cherry_log":7,"minecraft:pointed_dripstone":1,"minecraft:shaper_armor_trim_smithing_template":1,"minecraft:rotten_flesh":7,"minecraft:cod":1,"minecraft:cobblestone":95,"minecraft:birch_log":4,"minecraft:pink_petals":6,"minecraft:cherry_planks":4,"minecraft:potato":138,"minecraft:tuff":3,"minecraft:lapis_lazuli":39,"minecraft:dirt":184,"minecraft:lantern":1,"minecraft:acacia_planks":9,"minecraft:wheat_seeds":34,"minecraft:cobbled_deepslate_slab":2,"minecraft:moss_block":5,"minecraft:poisonous_potato":1,"minecraft:sand":3,"minecraft:jungle_planks":10,"minecraft:stripped_spruce_log":11,"minecraft:dark_oak_log":45,"minecraft:mossy_cobblestone":2,"minecraft:stripped_acacia_log":2,"minecraft:diamond":34,"minecraft:breeze_rod":4,"minecraft:white_concrete":82,"minecraft:spruce_sign":4,"minecraft:cherry_slab":10,"minecraft:netherrack":2,"minecraft:cocoa_beans":6,"minecraft:crafting_table":17,"minecraft:allium":4,"minecraft:ladder":1,"minecraft:brown_mushroom":17,"minecraft:wooden_pickaxe":1,"minecraft:orange_banner":1,"minecraft:shield":1,"minecraft:moss_carpet":1,"minecraft:orange_concrete":18,"minecraft:beef":3,"minecraft:spruce_slab":12,"minecraft:sugar_cane":17,"minecraft:dark_oak_sapling":3,"minecraft:raw_iron":37,"minecraft:bowl":1,"minecraft:spruce_fence":24,"minecraft:carrot":37,"minecraft:redstone":13,"minecraft:dark_oak_planks":7,"minecraft:arrow":1,"minecraft:deepslate_bricks":2,"minecraft:gold_ingot":3,"minecraft:glow_berries":1,"minecraft:oxeye_daisy":4,"minecraft:red_mushroom":35,"minecraft:gunpowder":2,"minecraft:apple":1,"minecraft:kelp":4,"minecraft:iron_ingot":4,"minecraft:acacia_sapling":1,"minecraft:soul_sand":5,"minecraft:purple_concrete":21,"minecraft:yellow_concrete":16,"minecraft:quartz":7,"minecraft:dripstone_block":2,"minecraft:prize_pottery_sherd":4,"minecraft:spruce_sapling":4,"minecraft:white_bed":2,"minecraft:spruce_log":260,"minecraft:slime_ball":6,"minecraft:cherry_sapling":3,"minecraft:acacia_slab":3,"minecraft:magenta_concrete":22,"minecraft:red_concrete":16},"minecraft:killed":{"minecraft:spider":3,"minecraft:cod":1,"minecraft:skeleton":2,"minecraft:silverfish":5,"minecraft:zombie":2,"minecraft:cow":1,"minecraft:slime":10,"minecraft:drowned":3,"minecraft:villager":1,"minecraft:enderman":2}},"DataVersion":3953}