{"stats":{"minecraft:custom":{"minecraft:interact_with_furnace":1,"minecraft:mob_kills":5,"minecraft:interact_with_crafting_table":8,"minecraft:open_barrel":1,"minecraft:leave_game":2,"minecraft:time_since_death":2567,"minecraft:time_since_rest":2638,"minecraft:sprint_one_cm":185696,"minecraft:damage_taken":3011,"minecraft:walk_one_cm":190757,"minecraft:drop":5,"minecraft:damage_dealt":1297,"minecraft:swim_one_cm":850,"minecraft:talked_to_villager":3,"minecraft:fly_one_cm":141128,"minecraft:open_chest":10,"minecraft:crouch_one_cm":24983,"minecraft:play_time":75449,"minecraft:deaths":11,"minecraft:sneak_time":6808,"minecraft:walk_under_water_one_cm":1317,"minecraft:jump":947,"minecraft:walk_on_water_one_cm":4706,"minecraft:total_world_time":75449,"minecraft:fall_one_cm":19321},"minecraft:killed_by":{"minecraft:ghast":1,"minecraft:wither_skeleton":1,"minecraft:skeleton":2,"minecraft:enderman":1},"minecraft:broken":{"minecraft:stone_pickaxe":1,"minecraft:golden_sword":1,"minecraft:wooden_pickaxe":2},"minecraft:used":{"minecraft:stone_pickaxe":66,"minecraft:spruce_planks":182,"minecraft:wooden_pickaxe":140,"minecraft:diamond_axe":328,"minecraft:rotten_flesh":4,"minecraft:torch":1,"minecraft:mutton":1,"minecraft:crafting_table":3,"minecraft:carrot":3,"minecraft:end_stone":91,"minecraft:spruce_log":9,"minecraft:golden_sword":15,"minecraft:wooden_sword":40,"minecraft:cobblestone":30,"minecraft:potato":1,"minecraft:acacia_planks":1},"minecraft:picked_up":{"minecraft:crafting_table":3,"minecraft:potato":1,"minecraft:lapis_lazuli":32,"minecraft:dirt":9,"minecraft:wooden_sword":1,"minecraft:bone":3,"minecraft:acacia_planks":2,"minecraft:spruce_planks":9,"minecraft:end_stone":91,"minecraft:torch":3,"minecraft:stripped_spruce_log":1,"minecraft:cherry_log":6,"minecraft:carrot":3,"minecraft:spruce_log":282,"minecraft:stripped_acacia_log":1,"minecraft:arrow":5,"minecraft:rotten_flesh":4,"minecraft:diamond":24,"minecraft:diamond_axe":1,"minecraft:cherry_sapling":1,"minecraft:netherrack":8,"minecraft:mutton":1,"minecraft:coal":2,"minecraft:white_wool":1,"minecraft:cobblestone":30},"minecraft:mined":{"minecraft:spruce_planks":9,"minecraft:mossy_cobblestone":1,"minecraft:cobblestone_stairs":1,"minecraft:cherry_log":6,"minecraft:crafting_table":3,"minecraft:end_stone":91,"minecraft:torch":2,"minecraft:grass_block":1,"minecraft:infested_cobblestone":4,"minecraft:cobblestone":3,"minecraft:spruce_leaves":17,"minecraft:lapis_ore":6,"minecraft:spruce_log":286,"minecraft:stripped_spruce_log":1,"minecraft:coal_ore":2,"minecraft:cherry_leaves":4,"minecraft:dirt":8,"minecraft:stripped_acacia_log":1,"minecraft:acacia_planks":2,"minecraft:stone":27,"minecraft:netherrack":59},"minecraft:crafted":{"minecraft:cherry_planks":24,"minecraft:wooden_sword":2,"minecraft:crafting_table":2,"minecraft:spruce_planks":512,"minecraft:wooden_pickaxe":3,"minecraft:stick":12,"minecraft:acacia_planks":4},"minecraft:killed":{"minecraft:spider":1,"minecraft:sheep":1,"minecraft:zombie":3},"minecraft:dropped":{"minecraft:diamond_axe":1,"minecraft:diamond":24,"minecraft:spruce_planks":1,"minecraft:wooden_sword":1}},"DataVersion":3953}