{"stats":{"minecraft:custom":{"minecraft:mob_kills":22,"minecraft:interact_with_crafting_table":61,"minecraft:open_barrel":32,"minecraft:leave_game":7,"minecraft:time_since_death":18072,"minecraft:climb_one_cm":487,"minecraft:sprint_one_cm":471881,"minecraft:walk_one_cm":494429,"minecraft:damage_blocked_by_shield":1088,"minecraft:drop":27,"minecraft:talked_to_villager":16,"minecraft:play_time":162370,"minecraft:deaths":21,"minecraft:sneak_time":7802,"minecraft:walk_under_water_one_cm":11386,"minecraft:jump":2586,"minecraft:walk_on_water_one_cm":17146,"minecraft:total_world_time":162370,"minecraft:interact_with_furnace":61,"minecraft:traded_with_villager":5,"minecraft:sleep_in_bed":3,"minecraft:time_since_rest":1349,"minecraft:damage_taken":6182,"minecraft:damage_dealt":3344,"minecraft:swim_one_cm":3064,"minecraft:fly_one_cm":476487,"minecraft:open_chest":46,"minecraft:crouch_one_cm":22218,"minecraft:fall_one_cm":75948},"minecraft:dropped":{"minecraft:iron_ingot":7,"minecraft:wheat_seeds":1,"minecraft:mossy_cobblestone":3,"minecraft:stick":2,"minecraft:lava_bucket":1,"minecraft:dirt":145,"minecraft:wooden_axe":1,"minecraft:flowering_azalea":1,"minecraft:iron_pickaxe":4,"minecraft:pink_petals":15,"minecraft:stone_axe":1,"minecraft:kelp":1,"minecraft:rotten_flesh":4,"minecraft:red_terracotta":1,"minecraft:gunpowder":3,"minecraft:charcoal":1,"minecraft:arrow":8,"minecraft:wooden_pickaxe":1,"minecraft:terracotta":1},"minecraft:killed_by":{"minecraft:player":2,"minecraft:creeper":2,"minecraft:spider":1},"minecraft:mined":{"minecraft:diamond_ore":1,"minecraft:spruce_planks":4,"minecraft:white_bed":1,"minecraft:deepslate_diamond_ore":5,"minecraft:candle":1,"minecraft:sculk_vein":1,"minecraft:cherry_log":7,"minecraft:cherry_sapling":1,"minecraft:end_stone":40,"minecraft:cave_vines_plant":1,"minecraft:grass_block":169,"minecraft:spruce_leaves":5,"minecraft:kelp":2,"minecraft:moss_block":2,"minecraft:spawner":1,"minecraft:tall_seagrass":1,"minecraft:chorus_flower":7,"minecraft:spore_blossom":1,"minecraft:raw_iron_block":4,"minecraft:spruce_sapling":6,"minecraft:furnace":8,"minecraft:carrots":1,"minecraft:barrel":1,"minecraft:iron_ore":16,"minecraft:cobbled_deepslate":2,"minecraft:sculk_shrieker":1,"minecraft:potatoes":3,"minecraft:cobblestone_slab":18,"minecraft:pointed_dripstone":1,"minecraft:flowering_azalea_leaves":3,"minecraft:cave_vines":1,"minecraft:deepslate_iron_ore":4,"minecraft:chorus_plant":3,"minecraft:azalea_leaves":7,"minecraft:stone":110,"minecraft:bone_block":1,"minecraft:kelp_plant":1,"minecraft:powder_snow":3,"minecraft:crafting_table":8,"minecraft:purple_wall_banner":2,"minecraft:emerald_ore":2,"minecraft:end_stone_brick_slab":1,"minecraft:chest":3,"minecraft:dead_bush":1,"minecraft:campfire":1,"minecraft:cobblestone":109,"minecraft:sugar_cane":3,"minecraft:sculk":6,"minecraft:wall_torch":1,"minecraft:pink_petals":21,"minecraft:seagrass":2,"minecraft:red_terracotta":1,"minecraft:acacia_sapling":1,"minecraft:sea_pickle":1,"minecraft:wheat":12,"minecraft:spruce_log":16,"minecraft:oak_log":4,"minecraft:coal_ore":22,"minecraft:cherry_leaves":73,"minecraft:sand":14,"minecraft:dripstone_block":7,"minecraft:dirt":41,"minecraft:cobweb":1,"minecraft:terracotta":1,"minecraft:raw_copper_block":2,"minecraft:deepslate":2},"minecraft:used":{"minecraft:azalea":1,"minecraft:cherry_sapling":1,"minecraft:chest":3,"minecraft:shield":29,"minecraft:spruce_planks":7,"minecraft:stone_hoe":3,"minecraft:iron_chestplate":1,"minecraft:torch":17,"minecraft:dirt":122,"minecraft:spyglass":11,"minecraft:chorus_flower":2,"minecraft:carrot":7,"minecraft:acacia_sapling":2,"minecraft:axolotl_bucket":4,"minecraft:purple_banner":2,"minecraft:lava_bucket":4,"minecraft:lantern":2,"minecraft:iron_axe":85,"minecraft:iron_helmet":1,"minecraft:cherry_leaves":52,"minecraft:barrel":2,"minecraft:sweet_berries":8,"minecraft:furnace":11,"minecraft:acacia_fence":1,"minecraft:potato":11,"minecraft:cobbled_deepslate":3,"minecraft:pointed_dripstone":2,"minecraft:wheat_seeds":16,"minecraft:water_bucket":9,"minecraft:chorus_fruit":8,"minecraft:stone_pickaxe":85,"minecraft:cactus":1,"minecraft:wooden_pickaxe":6,"minecraft:end_stone_brick_slab":26,"minecraft:spruce_sign":1,"minecraft:sugar_cane":2,"minecraft:cobblestone_slab":182,"minecraft:glow_berries":1,"minecraft:sand":2,"minecraft:crafting_table":10,"minecraft:white_bed":2,"minecraft:cod":1,"minecraft:dripstone_block":4,"minecraft:end_stone":25,"minecraft:shears":57,"minecraft:spruce_log":9,"minecraft:diamond_pickaxe":269,"minecraft:diamond_shovel":191,"minecraft:bread":12,"minecraft:iron_pickaxe":8,"minecraft:spore_blossom":1,"minecraft:spruce_sapling":15,"minecraft:stone_axe":26,"minecraft:pink_petals":142,"minecraft:cobblestone":61,"minecraft:bucket":19,"minecraft:sea_pickle":2,"minecraft:white_concrete":39,"minecraft:kelp":3,"minecraft:bone_meal":34,"minecraft:cobweb":7},"minecraft:crafted":{"minecraft:cherry_planks":12,"minecraft:oak_planks":20,"minecraft:raw_iron":36,"minecraft:cobblestone_slab":174,"minecraft:spyglass":1,"minecraft:furnace":3,"minecraft:bone_meal":33,"minecraft:diamond_shovel":1,"minecraft:end_stone_bricks":12,"minecraft:iron_boots":1,"minecraft:raw_copper":9,"minecraft:iron_axe":1,"minecraft:stone_pickaxe":1,"minecraft:stone_hoe":1,"minecraft:spruce_sign":3,"minecraft:crafting_table":3,"minecraft:spruce_planks":12,"minecraft:wooden_pickaxe":1,"minecraft:iron_helmet":1,"minecraft:copper_ingot":2,"minecraft:bucket":2,"minecraft:stone_axe":1,"minecraft:bread":43,"minecraft:end_stone_brick_slab":24,"minecraft:iron_chestplate":1,"minecraft:diamond_pickaxe":1,"minecraft:charcoal":14,"minecraft:shield":1,"minecraft:stick":16,"minecraft:iron_ingot":50,"minecraft:iron_pickaxe":3,"minecraft:iron_leggings":1,"minecraft:white_bed":1,"minecraft:torch":16,"minecraft:carrot":4,"minecraft:shears":1},"minecraft:picked_up":{"minecraft:wooden_axe":1,"minecraft:charcoal":33,"minecraft:crafting_table":7,"minecraft:wheat":6,"minecraft:wooden_pickaxe":5,"minecraft:string":4,"minecraft:purple_banner":2,"minecraft:sea_pickle":2,"minecraft:candle":4,"minecraft:cobbled_deepslate":7,"minecraft:spruce_planks":17,"minecraft:cobblestone_slab":8,"minecraft:azalea":1,"minecraft:iron_pickaxe":1,"minecraft:sugar_cane":5,"minecraft:chest":4,"minecraft:furnace":8,"minecraft:raw_copper_block":2,"minecraft:stick":22,"minecraft:raw_iron":23,"minecraft:end_stone":40,"minecraft:acacia_fence":1,"minecraft:torch":3,"minecraft:cherry_log":16,"minecraft:pointed_dripstone":3,"minecraft:carrot":4,"minecraft:arrow":13,"minecraft:rotten_flesh":4,"minecraft:armadillo_scute":2,"minecraft:chorus_flower":7,"minecraft:glow_berries":1,"minecraft:cod":1,"minecraft:bone_block":1,"minecraft:white_wool":3,"minecraft:cobblestone":184,"minecraft:pink_petals":195,"minecraft:cherry_leaves":52,"minecraft:potato":14,"minecraft:oak_log":5,"minecraft:gunpowder":5,"minecraft:dirt":269,"minecraft:lantern":1,"minecraft:bone":10,"minecraft:kelp":5,"minecraft:bow":1,"minecraft:wheat_seeds":24,"minecraft:spore_blossom":1,"minecraft:iron_ingot":6,"minecraft:cobweb":22,"minecraft:moss_block":2,"minecraft:flowering_azalea":1,"minecraft:stone_hoe":1,"minecraft:acacia_sapling":3,"minecraft:sweet_berries":8,"minecraft:dripstone_block":6,"minecraft:raw_iron_block":4,"minecraft:sand":13,"minecraft:spruce_sapling":23,"minecraft:white_bed":1,"minecraft:spruce_log":22,"minecraft:red_terracotta":1,"minecraft:barrel":1,"minecraft:mossy_cobblestone":3,"minecraft:diamond_shovel":1,"minecraft:slime_ball":2,"minecraft:diamond":4,"minecraft:cherry_sapling":7,"minecraft:white_concrete":42,"minecraft:emerald":2,"minecraft:terracotta":1,"minecraft:chorus_fruit":31,"minecraft:end_stone_brick_slab":2,"minecraft:coal":39},"minecraft:killed":{"minecraft:spider":3,"minecraft:cod":1,"minecraft:slime":2,"minecraft:skeleton":6,"minecraft:creeper":2,"minecraft:zombie":7}},"DataVersion":3953}