{"stats":{"minecraft:custom":{"minecraft:mob_kills":78,"minecraft:interact_with_crafting_table":55,"minecraft:open_barrel":17,"minecraft:leave_game":4,"minecraft:time_since_death":59891,"minecraft:climb_one_cm":14905,"minecraft:sprint_one_cm":535328,"minecraft:walk_one_cm":2064481,"minecraft:damage_blocked_by_shield":622,"minecraft:drop":60,"minecraft:talked_to_villager":44,"minecraft:play_time":452625,"minecraft:deaths":24,"minecraft:sneak_time":49934,"minecraft:walk_under_water_one_cm":20749,"minecraft:boat_one_cm":40710,"minecraft:jump":3889,"minecraft:walk_on_water_one_cm":21429,"minecraft:total_world_time":452625,"minecraft:interact_with_furnace":25,"minecraft:traded_with_villager":4,"minecraft:interact_with_stonecutter":5,"minecraft:sleep_in_bed":2,"minecraft:time_since_rest":59930,"minecraft:damage_taken":9177,"minecraft:damage_dealt":15324,"minecraft:swim_one_cm":2205,"minecraft:fly_one_cm":384861,"minecraft:player_kills":8,"minecraft:open_chest":90,"minecraft:crouch_one_cm":155492,"minecraft:fish_caught":12,"minecraft:fall_one_cm":69503,"minecraft:use_cauldron":2},"minecraft:killed_by":{"minecraft:ghast":1,"minecraft:player":7,"minecraft:creeper":1,"minecraft:pillager":2,"minecraft:vindicator":1,"minecraft:zombie":6},"minecraft:broken":{"minecraft:golden_helmet":1,"minecraft:wooden_shovel":1,"minecraft:stone_shovel":2},"minecraft:used":{"minecraft:dead_tube_coral_block":1,"minecraft:spruce_slab":44,"minecraft:stone_shovel":262,"minecraft:decorated_pot":4,"minecraft:chest":7,"minecraft:spruce_planks":729,"minecraft:shield":15,"minecraft:wooden_shovel":60,"minecraft:stone_hoe":93,"minecraft:rotten_flesh":12,"minecraft:netherrack":153,"minecraft:torch":13,"minecraft:dirt":418,"minecraft:soul_sand":1,"minecraft:spruce_stairs":8,"minecraft:acacia_sapling":8,"minecraft:tuff":2,"minecraft:spruce_fence":34,"minecraft:wooden_axe":2,"minecraft:lava_bucket":12,"minecraft:lantern":3,"minecraft:slime_block":1,"minecraft:acacia_slab":63,"minecraft:barrel":1,"minecraft:bow":17,"minecraft:furnace":9,"minecraft:acacia_fence":117,"minecraft:potato":63,"minecraft:acacia_planks":445,"minecraft:cobbled_deepslate":31,"minecraft:cherry_fence":2,"minecraft:pointed_dripstone":1,"minecraft:golden_boots":1,"minecraft:wheat_seeds":23,"minecraft:acacia_boat":4,"minecraft:water_bucket":9,"minecraft:spruce_door":7,"minecraft:stone_pickaxe":49,"minecraft:fletching_table":2,"minecraft:stonecutter":2,"minecraft:wooden_pickaxe":8,"minecraft:cherry_planks":106,"minecraft:spruce_sign":10,"minecraft:cauldron":3,"minecraft:spruce_fence_gate":4,"minecraft:cobblestone_slab":213,"minecraft:diamond_axe":806,"minecraft:sugar_cane":10,"minecraft:salmon":2,"minecraft:terracotta":7,"minecraft:yellow_terracotta":6,"minecraft:crafting_table":6,"minecraft:mushroom_stew":7,"minecraft:cod":9,"minecraft:spruce_log":1,"minecraft:diamond_pickaxe":1247,"minecraft:acacia_door":1,"minecraft:acacia_sign":16,"minecraft:bread":34,"minecraft:cherry_sign":1,"minecraft:spruce_sapling":21,"minecraft:soul_lantern":2,"minecraft:golden_helmet":1,"minecraft:stone_axe":26,"minecraft:pink_petals":7,"minecraft:fishing_rod":39,"minecraft:diamond_sword":295,"minecraft:cobblestone":200,"minecraft:bucket":20,"minecraft:dandelion":1,"minecraft:diamond_leggings":1},"minecraft:picked_up":{"minecraft:fishing_rod":1,"minecraft:charcoal":13,"minecraft:shelter_pottery_sherd":1,"minecraft:crafting_table":4,"minecraft:wheat":14,"minecraft:brown_mushroom":18,"minecraft:potion":1,"minecraft:enchanted_book":1,"minecraft:dead_tube_coral_block":1,"minecraft:string":8,"minecraft:acacia_door":2,"minecraft:gold_nugget":1,"minecraft:red_sand":19,"minecraft:cobbled_deepslate":44,"minecraft:spruce_planks":64,"minecraft:acacia_sign":8,"minecraft:acacia_fence_gate":2,"minecraft:trial_key":13,"minecraft:spruce_slab":6,"minecraft:cobblestone_slab":17,"minecraft:poppy":6,"minecraft:sugar_cane":10,"minecraft:chest":2,"minecraft:furnace":7,"minecraft:stick":18,"minecraft:raw_iron":9,"minecraft:acacia_fence":138,"minecraft:bowl":8,"minecraft:torch":17,"minecraft:acacia_log":87,"minecraft:spruce_fence":10,"minecraft:cherry_log":48,"minecraft:redstone":9,"minecraft:cauldron":4,"minecraft:howl_pottery_sherd":1,"minecraft:arrow":8,"minecraft:rotten_flesh":30,"minecraft:decorated_pot":4,"minecraft:beetroot_seeds":2,"minecraft:yellow_terracotta":6,"minecraft:obsidian":2,"minecraft:cod":9,"minecraft:cobblestone":444,"minecraft:pink_petals":16,"minecraft:cherry_planks":5,"minecraft:salmon":2,"minecraft:leather":1,"minecraft:red_mushroom":24,"minecraft:potato":85,"minecraft:tuff":7,"minecraft:golden_boots":1,"minecraft:acacia_boat":4,"minecraft:lapis_lazuli":74,"minecraft:dirt":447,"minecraft:lantern":29,"minecraft:acacia_planks":151,"minecraft:bow":2,"minecraft:stonecutter":2,"minecraft:wheat_seeds":47,"minecraft:raw_gold":42,"minecraft:spore_blossom":1,"minecraft:iron_ingot":7,"minecraft:cherry_sign":1,"minecraft:fletching_table":2,"minecraft:soul_sand":2,"minecraft:acacia_sapling":9,"minecraft:quartz":7,"minecraft:dandelion":2,"minecraft:lava_bucket":1,"minecraft:stripped_spruce_log":1,"minecraft:spruce_sapling":33,"minecraft:acacia_stairs":2,"minecraft:spruce_log":226,"minecraft:barrel":1,"minecraft:spruce_door":4,"minecraft:archer_pottery_sherd":1,"minecraft:spider_eye":1,"minecraft:mossy_cobblestone":1,"minecraft:stripped_acacia_log":1,"minecraft:slime_block":1,"minecraft:slime_ball":4,"minecraft:diamond":67,"minecraft:end_stone_brick_slab":30,"minecraft:spruce_sign":11,"minecraft:emerald":8,"minecraft:blue_banner":1,"minecraft:terracotta":7,"minecraft:netherrack":282,"minecraft:acacia_slab":7,"minecraft:coal":15},"minecraft:mined":{"minecraft:yellow_terracotta":11,"minecraft:diamond_ore":2,"minecraft:tuff":5,"minecraft:spruce_planks":64,"minecraft:farmland":14,"minecraft:deepslate_diamond_ore":51,"minecraft:sculk_vein":21,"minecraft:cherry_log":48,"minecraft:spruce_fence":10,"minecraft:obsidian":2,"minecraft:cobbled_deepslate_slab":1,"minecraft:red_sand":6,"minecraft:acacia_log":94,"minecraft:grass_block":118,"minecraft:decorated_pot":7,"minecraft:crimson_roots":4,"minecraft:spruce_leaves":11,"minecraft:acacia_slab":19,"minecraft:red_mushroom":27,"minecraft:weeping_vines_plant":2,"minecraft:spruce_sapling":3,"minecraft:furnace":7,"minecraft:barrel":1,"minecraft:cobbled_deepslate":12,"minecraft:acacia_stairs":2,"minecraft:diamond_block":1,"minecraft:fletching_table":2,"minecraft:deepslate_lapis_ore":12,"minecraft:potatoes":25,"minecraft:cobblestone_slab":31,"minecraft:deepslate_iron_ore":9,"minecraft:lantern":1,"minecraft:stripped_acacia_log":1,"minecraft:bamboo_sapling":1,"minecraft:stone":216,"minecraft:spruce_slab":8,"minecraft:podzol":37,"minecraft:deepslate_redstone_ore":2,"minecraft:blue_wall_banner":1,"minecraft:acacia_leaves":6,"minecraft:brown_mushroom":18,"minecraft:glass_pane":2,"minecraft:cherry_planks":5,"minecraft:soul_sand":2,"minecraft:spruce_door":4,"minecraft:dandelion":2,"minecraft:crafting_table":4,"minecraft:torch":4,"minecraft:short_grass":4,"minecraft:end_stone_brick_slab":24,"minecraft:poppy":4,"minecraft:chest":2,"minecraft:spruce_wall_sign":5,"minecraft:nether_quartz_ore":3,"minecraft:cobblestone":342,"minecraft:slime_block":1,"minecraft:deepslate_gold_ore":28,"minecraft:oak_planks":1,"minecraft:sugar_cane":11,"minecraft:sculk":236,"minecraft:wall_torch":6,"minecraft:spruce_sign":4,"minecraft:pink_petals":11,"minecraft:acacia_sapling":1,"minecraft:acacia_fence_gate":2,"minecraft:wheat":18,"minecraft:lava_cauldron":2,"minecraft:spruce_log":211,"minecraft:coal_ore":10,"minecraft:beetroots":1,"minecraft:cherry_leaves":20,"minecraft:acacia_fence":157,"minecraft:acacia_door":2,"minecraft:dirt":302,"minecraft:cobweb":3,"minecraft:terracotta":7,"minecraft:acacia_sign":4,"minecraft:acacia_planks":156,"minecraft:stonecutter":2,"minecraft:netherrack":451,"minecraft:gold_ore":14,"minecraft:acacia_wall_sign":2,"minecraft:deepslate":34},"minecraft:crafted":{"minecraft:cherry_planks":192,"minecraft:coal":2,"minecraft:cobblestone_slab":196,"minecraft:stone_shovel":2,"minecraft:fishing_rod":2,"minecraft:furnace":2,"minecraft:stone":21,"minecraft:mushroom_stew":7,"minecraft:spruce_fence":24,"minecraft:bone_meal":33,"minecraft:spruce_stairs":8,"minecraft:diamond_helmet":1,"minecraft:diamond_leggings":1,"minecraft:spruce_slab":42,"minecraft:stone_pickaxe":1,"minecraft:chest":5,"minecraft:diamond_boots":1,"minecraft:stone_hoe":1,"minecraft:cherry_fence":3,"minecraft:golden_helmet":1,"minecraft:wooden_shovel":1,"minecraft:diamond_sword":1,"minecraft:cauldron":1,"minecraft:acacia_slab":60,"minecraft:diamond_axe":1,"minecraft:crafting_table":4,"minecraft:spruce_planks":760,"minecraft:wooden_pickaxe":2,"minecraft:spruce_door":3,"minecraft:bowl":4,"minecraft:copper_ingot":9,"minecraft:stone_axe":1,"minecraft:acacia_boat":1,"minecraft:bread":34,"minecraft:diamond_pickaxe":2,"minecraft:acacia_sign":9,"minecraft:shield":2,"minecraft:stick":64,"minecraft:iron_ingot":9,"minecraft:wooden_axe":1,"minecraft:acacia_planks":372,"minecraft:spruce_fence_gate":4,"minecraft:torch":4,"minecraft:diamond_chestplate":1},"minecraft:killed":{"minecraft:vindicator":3,"minecraft:spider":5,"minecraft:slime":3,"minecraft:skeleton":9,"minecraft:husk":2,"minecraft:pillager":4,"minecraft:zombie":50,"minecraft:enderman":1},"minecraft:dropped":{"minecraft:golden_boots":1,"minecraft:shelter_pottery_sherd":1,"minecraft:lapis_lazuli":10,"minecraft:diamond":10,"minecraft:mossy_cobblestone":1,"minecraft:glass_bottle":15,"minecraft:end_stone_brick_slab":6,"minecraft:cobblestone":42,"minecraft:lantern":2,"minecraft:copper_ingot":14,"minecraft:coal":2,"minecraft:dirt":2,"minecraft:torch":6,"minecraft:wooden_axe":1,"minecraft:potion":1,"minecraft:gold_nugget":1,"minecraft:acacia_door":1,"minecraft:string":1,"minecraft:fishing_rod":1,"minecraft:cauldron":2,"minecraft:bowl":8,"minecraft:wheat":2,"minecraft:tuff":5,"minecraft:rotten_flesh":35,"minecraft:poppy":6,"minecraft:potato":22,"minecraft:charcoal":13,"minecraft:acacia_slab":4,"minecraft:bow":1,"minecraft:slime_ball":4,"minecraft:spruce_log":1,"minecraft:red_sand":19,"minecraft:wooden_pickaxe":2,"minecraft:netherrack":130,"minecraft:quartz":14,"minecraft:acacia_fence":1}},"DataVersion":3953}