{"stats":{"minecraft:custom":{"minecraft:time_since_rest":5513,"minecraft:crouch_one_cm":924,"minecraft:play_time":84200,"minecraft:sprint_one_cm":81307,"minecraft:walk_one_cm":316397,"minecraft:damage_taken":3415,"minecraft:deaths":13,"minecraft:sneak_time":941,"minecraft:mob_kills":8,"minecraft:jump":813,"minecraft:damage_dealt":378,"minecraft:leave_game":7,"minecraft:time_since_death":5458,"minecraft:walk_on_water_one_cm":531,"minecraft:total_world_time":84200,"minecraft:interact_with_crafting_table":1,"minecraft:fly_one_cm":93964,"minecraft:talked_to_villager":2,"minecraft:fall_one_cm":16402},"minecraft:mined":{"minecraft:pink_petals":1},"minecraft:killed_by":{"minecraft:skeleton":1,"minecraft:player":5,"minecraft:enderman":1},"minecraft:used":{"minecraft:rotten_flesh":2,"minecraft:wooden_sword":1},"minecraft:picked_up":{"minecraft:wooden_axe":1,"minecraft:wooden_sword":1,"minecraft:rotten_flesh":2,"minecraft:slime_ball":4,"minecraft:wooden_pickaxe":1,"minecraft:stone_pickaxe":1,"minecraft:cobblestone_slab":27,"minecraft:gunpowder":1},"minecraft:killed":{"minecraft:slime":8}},"DataVersion":3953}