{"stats":{"minecraft:custom":{"minecraft:mob_kills":73,"minecraft:interact_with_crafting_table":46,"minecraft:open_barrel":3,"minecraft:leave_game":27,"minecraft:time_since_death":8984,"minecraft:climb_one_cm":1567,"minecraft:sprint_one_cm":1384149,"minecraft:walk_one_cm":1228961,"minecraft:drop":37,"minecraft:talked_to_villager":24,"minecraft:play_time":471571,"minecraft:deaths":164,"minecraft:sneak_time":13310,"minecraft:walk_under_water_one_cm":18709,"minecraft:boat_one_cm":12696,"minecraft:jump":6363,"minecraft:walk_on_water_one_cm":15864,"minecraft:total_world_time":471571,"minecraft:interact_with_furnace":18,"minecraft:traded_with_villager":3,"minecraft:time_since_rest":9013,"minecraft:damage_taken":42502,"minecraft:damage_dealt":13865,"minecraft:fly_one_cm":1082444,"minecraft:swim_one_cm":4620,"minecraft:player_kills":18,"minecraft:open_chest":28,"minecraft:crouch_one_cm":39652,"minecraft:fall_one_cm":189556},"minecraft:killed_by":{"minecraft:ghast":2,"minecraft:player":21,"minecraft:zombified_piglin":2,"minecraft:wither_skeleton":3,"minecraft:creeper":5,"minecraft:spider":2,"minecraft:drowned":1,"minecraft:magma_cube":5,"minecraft:vindicator":1,"minecraft:hoglin":3,"minecraft:skeleton":15,"minecraft:zombie":8},"minecraft:broken":{"minecraft:iron_boots":1,"minecraft:iron_chestplate":1,"minecraft:iron_leggings":1,"minecraft:stone_pickaxe":1,"minecraft:iron_axe":2,"minecraft:iron_helmet":1,"minecraft:wooden_axe":1,"minecraft:stone_shovel":5,"minecraft:golden_chestplate":1},"minecraft:used":{"minecraft:cherry_sapling":14,"minecraft:spruce_slab":3,"minecraft:stone_shovel":673,"minecraft:chest":1,"minecraft:spruce_planks":39,"minecraft:stone":2,"minecraft:iron_sword":22,"minecraft:netherrack":705,"minecraft:dirt":940,"minecraft:golden_chestplate":1,"minecraft:obsidian":12,"minecraft:spruce_boat":1,"minecraft:wooden_axe":61,"minecraft:lava_bucket":15,"minecraft:iron_axe":372,"minecraft:rooted_dirt":3,"minecraft:cherry_leaves":1,"minecraft:iron_boots":1,"minecraft:basalt":73,"minecraft:furnace":1,"minecraft:acacia_planks":2,"minecraft:cherry_fence":398,"minecraft:cherry_log":1,"minecraft:pointed_dripstone":4,"minecraft:water_bucket":9,"minecraft:birch_planks":4,"minecraft:chorus_fruit":19,"minecraft:stone_pickaxe":107,"minecraft:oak_planks":137,"minecraft:wooden_pickaxe":39,"minecraft:cherry_planks":152,"minecraft:cauldron":2,"minecraft:white_wool":1,"minecraft:crafting_table":7,"minecraft:end_stone":5,"minecraft:spruce_log":1,"minecraft:mud":1,"minecraft:diamond_pickaxe":1211,"minecraft:black_wool":1,"minecraft:diamond_shovel":94,"minecraft:bread":7,"minecraft:iron_pickaxe":83,"minecraft:spruce_sapling":8,"minecraft:cherry_sign":5,"minecraft:gravel":4,"minecraft:stone_axe":67,"minecraft:nether_wart_block":2,"minecraft:diamond_sword":134,"minecraft:cobblestone":143,"minecraft:bucket":26},"minecraft:picked_up":{"minecraft:charcoal":1,"minecraft:mud":2,"minecraft:crafting_table":2,"minecraft:splash_potion":1,"minecraft:clay_ball":4,"minecraft:potion":5,"minecraft:nether_brick":15,"minecraft:string":6,"minecraft:blackstone":9,"minecraft:gold_nugget":148,"minecraft:spruce_planks":22,"minecraft:trial_key":3,"minecraft:spruce_slab":4,"minecraft:sugar_cane":1,"minecraft:stick":10,"minecraft:end_stone":5,"minecraft:torch":4,"minecraft:fire_charge":2,"minecraft:porkchop":4,"minecraft:cherry_log":204,"minecraft:pointed_dripstone":5,"minecraft:carrot":9,"minecraft:cauldron":2,"minecraft:stone_sword":1,"minecraft:arrow":24,"minecraft:rotten_flesh":22,"minecraft:gold_ingot":31,"minecraft:mutton":2,"minecraft:obsidian":22,"minecraft:white_wool":1,"minecraft:cobblestone":272,"minecraft:birch_log":1,"minecraft:pink_petals":345,"minecraft:basalt":73,"minecraft:cherry_planks":15,"minecraft:cherry_leaves":1,"minecraft:potato":14,"minecraft:oak_log":1,"minecraft:cherry_fence":17,"minecraft:nether_wart_block":8,"minecraft:dirt":1019,"minecraft:bone":18,"minecraft:acacia_planks":5,"minecraft:wheat_seeds":3,"minecraft:orange_tulip":1,"minecraft:raw_gold":6,"minecraft:iron_ingot":9,"minecraft:cooked_chicken":4,"minecraft:cherry_sign":2,"minecraft:oak_planks":9,"minecraft:soul_sand":20,"minecraft:oak_slab":1,"minecraft:quartz":18,"minecraft:gravel":4,"minecraft:spruce_sapling":12,"minecraft:spruce_log":9,"minecraft:diamond_block":1,"minecraft:crying_obsidian":1,"minecraft:spectral_arrow":9,"minecraft:spider_eye":1,"minecraft:slime_ball":21,"minecraft:diamond":21,"minecraft:spruce_boat":1,"minecraft:crossbow":1,"minecraft:cherry_sapling":14,"minecraft:emerald":6,"minecraft:bread":7,"minecraft:rooted_dirt":3,"minecraft:baked_potato":10,"minecraft:chorus_fruit":42,"minecraft:netherrack":745,"minecraft:black_wool":1,"minecraft:coal":2,"minecraft:ender_pearl":1},"minecraft:mined":{"minecraft:nether_gold_ore":40,"minecraft:spruce_planks":19,"minecraft:deepslate_diamond_ore":4,"minecraft:sculk_vein":1,"minecraft:cherry_log":202,"minecraft:cherry_sapling":2,"minecraft:end_stone":5,"minecraft:obsidian":23,"minecraft:grass_block":388,"minecraft:crimson_roots":1,"minecraft:soul_soil":1,"minecraft:spruce_leaves":29,"minecraft:rooted_dirt":2,"minecraft:cherry_wall_sign":1,"minecraft:weeping_vines_plant":1,"minecraft:spruce_sapling":4,"minecraft:carrots":3,"minecraft:diamond_block":1,"minecraft:potatoes":6,"minecraft:pointed_dripstone":5,"minecraft:dirt_path":3,"minecraft:chorus_plant":2,"minecraft:stone":20,"minecraft:spruce_slab":3,"minecraft:podzol":1,"minecraft:cherry_planks":10,"minecraft:soul_sand":2,"minecraft:crimson_nylium":2,"minecraft:basalt":79,"minecraft:clay":1,"minecraft:crafting_table":2,"minecraft:torch":1,"minecraft:short_grass":5,"minecraft:sculk_sensor":1,"minecraft:nether_quartz_ore":2,"minecraft:cobblestone":177,"minecraft:deepslate_gold_ore":7,"minecraft:oak_planks":12,"minecraft:sculk":2,"minecraft:pink_petals":31,"minecraft:seagrass":1,"minecraft:cherry_fence":10,"minecraft:nether_wart_block":13,"minecraft:mud":2,"minecraft:birch_log":1,"minecraft:lava_cauldron":2,"minecraft:spruce_log":11,"minecraft:coal_ore":2,"minecraft:oak_log":2,"minecraft:mycelium":3,"minecraft:cherry_leaves":152,"minecraft:gravel":4,"minecraft:dripstone_block":1,"minecraft:dirt":474,"minecraft:acacia_planks":4,"minecraft:netherrack":1013,"minecraft:cherry_sign":1,"minecraft:deepslate":2},"minecraft:crafted":{"minecraft:cherry_planks":812,"minecraft:oak_planks":132,"minecraft:stone_shovel":8,"minecraft:golden_chestplate":1,"minecraft:furnace":1,"minecraft:stone":49,"minecraft:diamond_shovel":1,"minecraft:diamond":9,"minecraft:iron_boots":1,"minecraft:iron_axe":2,"minecraft:stone_pickaxe":1,"minecraft:spruce_boat":1,"minecraft:cherry_fence":381,"minecraft:wooden_shovel":1,"minecraft:diamond_sword":1,"minecraft:crafting_table":5,"minecraft:spruce_planks":32,"minecraft:wooden_pickaxe":1,"minecraft:iron_helmet":1,"minecraft:iron_sword":1,"minecraft:bucket":1,"minecraft:birch_planks":4,"minecraft:stone_axe":1,"minecraft:iron_chestplate":1,"minecraft:cherry_sign":3,"minecraft:diamond_pickaxe":1,"minecraft:stick":288,"minecraft:iron_ingot":35,"minecraft:iron_pickaxe":1,"minecraft:wooden_axe":1,"minecraft:iron_leggings":1,"minecraft:gold_ingot":12},"minecraft:killed":{"minecraft:spider":3,"minecraft:slime":28,"minecraft:skeleton":10,"minecraft:magma_cube":1,"minecraft:hoglin":2,"minecraft:pillager":3,"minecraft:zombie":20,"minecraft:enderman":1},"minecraft:dropped":{"minecraft:oak_slab":1,"minecraft:soul_sand":20,"minecraft:wheat_seeds":3,"minecraft:crossbow":1,"minecraft:orange_tulip":1,"minecraft:stick":1,"minecraft:torch":2,"minecraft:nether_wart_block":5,"minecraft:gold_nugget":12,"minecraft:string":4,"minecraft:pink_petals":336,"minecraft:acacia_planks":3,"minecraft:gold_ingot":28,"minecraft:sugar_cane":1,"minecraft:stone_sword":1,"minecraft:nether_brick":10,"minecraft:rotten_flesh":22,"minecraft:charcoal":1,"minecraft:spruce_slab":1,"minecraft:slime_ball":2,"minecraft:arrow":16,"minecraft:raw_gold":6,"minecraft:crying_obsidian":1}},"DataVersion":3953}