{"stats":{"minecraft:custom":{"minecraft:time_since_rest":21672,"minecraft:sprint_one_cm":74571,"minecraft:damage_taken":828,"minecraft:walk_one_cm":112713,"minecraft:mob_kills":6,"minecraft:drop":1,"minecraft:damage_dealt":440,"minecraft:interact_with_crafting_table":6,"minecraft:talked_to_villager":2,"minecraft:fly_one_cm":24885,"minecraft:open_chest":6,"minecraft:crouch_one_cm":5448,"minecraft:play_time":54364,"minecraft:deaths":3,"minecraft:sneak_time":5740,"minecraft:jump":347,"minecraft:leave_game":16,"minecraft:walk_on_water_one_cm":137,"minecraft:time_since_death":21607,"minecraft:total_world_time":54364,"minecraft:fall_one_cm":9625},"minecraft:killed_by":{"minecraft:skeleton":1,"minecraft:zombie":1},"minecraft:used":{"minecraft:wooden_axe":40,"minecraft:stone_sword":10,"minecraft:stone_pickaxe":27,"minecraft:spruce_planks":81,"minecraft:chest":2,"minecraft:cherry_planks":1,"minecraft:spruce_sign":1,"minecraft:spruce_sapling":6,"minecraft:white_wool":1,"minecraft:dirt":15,"minecraft:mutton":1,"minecraft:crafting_table":2,"minecraft:potato":3},"minecraft:picked_up":{"minecraft:pink_petals":1,"minecraft:crafting_table":1,"minecraft:cherry_planks":1,"minecraft:potato":3,"minecraft:spruce_sapling":10,"minecraft:spruce_log":34,"minecraft:string":2,"minecraft:dirt":20,"minecraft:acacia_planks":1,"minecraft:slime_ball":5,"minecraft:spruce_planks":6,"minecraft:mutton":2,"minecraft:dark_oak_fence":2,"minecraft:white_wool":1,"minecraft:cobblestone":12},"minecraft:mined":{"minecraft:podzol":10,"minecraft:spruce_planks":9,"minecraft:spruce_sapling":4,"minecraft:cherry_planks":1,"minecraft:cobblestone_stairs":1,"minecraft:blue_ice":1,"minecraft:spruce_log":31,"minecraft:crafting_table":1,"minecraft:dark_oak_fence":2,"minecraft:potatoes":1,"minecraft:grass_block":5,"minecraft:cobblestone_slab":1,"minecraft:cherry_leaves":19,"minecraft:dirt":7,"minecraft:cobblestone":18,"minecraft:spruce_leaves":22,"minecraft:acacia_planks":1},"minecraft:crafted":{"minecraft:crafting_table":1,"minecraft:spruce_planks":108,"minecraft:stick":4,"minecraft:wooden_pickaxe":1,"minecraft:wooden_axe":1,"minecraft:chest":2},"minecraft:dropped":{"minecraft:slime_ball":2},"minecraft:killed":{"minecraft:sheep":1,"minecraft:spider":1,"minecraft:slime":4}},"DataVersion":3953}