{"stats":{"minecraft:custom":{"minecraft:open_chest":2,"minecraft:time_since_rest":5005,"minecraft:crouch_one_cm":1729,"minecraft:play_time":8521,"minecraft:sprint_one_cm":26483,"minecraft:walk_one_cm":25236,"minecraft:damage_taken":480,"minecraft:deaths":1,"minecraft:sneak_time":427,"minecraft:mob_kills":2,"minecraft:jump":96,"minecraft:damage_dealt":131,"minecraft:leave_game":1,"minecraft:walk_on_water_one_cm":508,"minecraft:time_since_death":4961,"minecraft:total_world_time":8521,"minecraft:fall_one_cm":2841,"minecraft:fly_one_cm":12662},"minecraft:killed_by":{"minecraft:zombie":1},"minecraft:used":{"minecraft:spruce_planks":12},"minecraft:picked_up":{"minecraft:slime_ball":6,"minecraft:torch":1,"minecraft:spruce_log":4},"minecraft:mined":{"minecraft:spruce_leaves":3,"minecraft:spruce_log":4},"minecraft:crafted":{"minecraft:spruce_planks":12},"minecraft:killed":{"minecraft:slime":2}},"DataVersion":3953}