{"stats":{"minecraft:crafted":{"minecraft:stone_shovel":2,"minecraft:crafting_table":2,"minecraft:wooden_pickaxe":1,"minecraft:iron_sword":1,"minecraft:bowl":8,"minecraft:mushroom_stew":7,"minecraft:jungle_planks":68,"minecraft:shield":1,"minecraft:stick":16,"minecraft:iron_ingot":9,"minecraft:iron_pickaxe":1,"minecraft:stone_pickaxe":1,"minecraft:wooden_axe":1,"minecraft:stone_sword":1},"minecraft:used":{"minecraft:moss_block":1,"minecraft:stone_shovel":106,"minecraft:stone_pickaxe":30,"minecraft:wooden_pickaxe":4,"minecraft:dirt":146,"minecraft:crafting_table":3,"minecraft:mushroom_stew":6,"minecraft:jungle_planks":25,"minecraft:wooden_axe":42,"minecraft:melon_slice":4,"minecraft:cobblestone":13,"minecraft:furnace":1,"minecraft:cobbled_deepslate":6},"minecraft:picked_up":{"minecraft:stripped_oak_log":1,"minecraft:cocoa_beans":3,"minecraft:crafting_table":1,"minecraft:jungle_log":17,"minecraft:brown_mushroom":7,"minecraft:jungle_fence":3,"minecraft:red_mushroom":12,"minecraft:lapis_lazuli":15,"minecraft:dirt":148,"minecraft:oak_trapdoor":1,"minecraft:moss_carpet":1,"minecraft:blue_orchid":2,"minecraft:wheat_seeds":2,"minecraft:cobbled_deepslate":6,"minecraft:iron_ingot":2,"minecraft:azalea":1,"minecraft:moss_block":1,"minecraft:melon_slice":4,"minecraft:furnace":1,"minecraft:raw_iron":34,"minecraft:acacia_fence":1,"minecraft:jungle_planks":3,"minecraft:cherry_log":10,"minecraft:cobblestone":20},"minecraft:mined":{"minecraft:brown_mushroom":6,"minecraft:sculk_vein":1,"minecraft:cherry_log":11,"minecraft:crafting_table":1,"minecraft:short_grass":8,"minecraft:grass_block":35,"minecraft:melon":1,"minecraft:jungle_planks":3,"minecraft:chest":1,"minecraft:jungle_log":20,"minecraft:cobblestone":12,"minecraft:moss_block":1,"minecraft:red_mushroom":8,"minecraft:seagrass":2,"minecraft:tall_seagrass":2,"minecraft:oak_trapdoor":1,"minecraft:furnace":1,"minecraft:jungle_fence":3,"minecraft:moss_carpet":1,"minecraft:deepslate_lapis_ore":2,"minecraft:oak_log":1,"minecraft:mycelium":92,"minecraft:flowering_azalea_leaves":1,"minecraft:vine":3,"minecraft:cherry_leaves":1,"minecraft:acacia_fence":1,"minecraft:dirt":36,"minecraft:stripped_oak_log":1,"minecraft:azalea_leaves":1,"minecraft:stone":12,"minecraft:deepslate":5},"minecraft:custom":{"minecraft:interact_with_furnace":7,"minecraft:interact_with_crafting_table":17,"minecraft:leave_game":2,"minecraft:time_since_death":7299,"minecraft:climb_one_cm":779,"minecraft:time_since_rest":7361,"minecraft:sprint_one_cm":34784,"minecraft:damage_taken":990,"minecraft:walk_one_cm":197728,"minecraft:drop":2,"minecraft:damage_dealt":18,"minecraft:swim_one_cm":2595,"minecraft:fly_one_cm":11955,"minecraft:open_chest":3,"minecraft:crouch_one_cm":33645,"minecraft:play_time":64706,"minecraft:deaths":2,"minecraft:sneak_time":18146,"minecraft:walk_under_water_one_cm":43199,"minecraft:jump":476,"minecraft:walk_on_water_one_cm":19130,"minecraft:total_world_time":64706,"minecraft:fall_one_cm":13643},"minecraft:dropped":{"minecraft:azalea":1,"minecraft:blue_orchid":1}},"DataVersion":3953}