{"stats":{"minecraft:custom":{"minecraft:time_since_rest":6256,"minecraft:crouch_one_cm":131,"minecraft:play_time":26298,"minecraft:sprint_one_cm":65540,"minecraft:damage_taken":1912,"minecraft:deaths":6,"minecraft:walk_one_cm":77040,"minecraft:sneak_time":22,"minecraft:mob_kills":2,"minecraft:jump":180,"minecraft:damage_dealt":111,"minecraft:leave_game":8,"minecraft:walk_on_water_one_cm":156,"minecraft:time_since_death":6125,"minecraft:total_world_time":26298,"minecraft:interact_with_crafting_table":2,"minecraft:fall_one_cm":3790,"minecraft:fly_one_cm":11751},"minecraft:killed_by":{"minecraft:slime":1,"minecraft:creeper":2,"minecraft:zombie":1},"minecraft:used":{"minecraft:crafting_table":1},"minecraft:picked_up":{"minecraft:crafting_table":1,"minecraft:cherry_planks":1,"minecraft:slime_ball":1,"minecraft:spruce_planks":5},"minecraft:mined":{"minecraft:spruce_planks":5,"minecraft:cherry_planks":2,"minecraft:spruce_slab":1,"minecraft:crafting_table":1},"minecraft:crafted":{"minecraft:crafting_table":1,"minecraft:stick":4},"minecraft:killed":{"minecraft:slime":2}},"DataVersion":3953}