{"stats":{"minecraft:picked_up":{"minecraft:moss_block":1,"minecraft:dirt":1},"minecraft:custom":{"minecraft:jump":45,"minecraft:time_since_rest":1458,"minecraft:walk_on_water_one_cm":1139,"minecraft:deaths":1,"minecraft:crouch_one_cm":1017,"minecraft:sprint_one_cm":4312,"minecraft:leave_game":2,"minecraft:play_time":5250,"minecraft:damage_taken":284,"minecraft:time_since_death":1419,"minecraft:walk_one_cm":31522,"minecraft:sneak_time":172,"minecraft:total_world_time":5250,"minecraft:fall_one_cm":2090,"minecraft:fly_one_cm":7019}},"DataVersion":3953}