{"stats":{"minecraft:crafted":{"minecraft:cherry_planks":16,"minecraft:spyglass":1,"minecraft:stick":8,"minecraft:wooden_pickaxe":1,"minecraft:stone_pickaxe":1,"minecraft:stone_sword":1,"minecraft:furnace":1,"minecraft:copper_ingot":2,"minecraft:bucket":1,"minecraft:bone_meal":6,"minecraft:acacia_planks":16,"minecraft:stone_axe":1},"minecraft:used":{"minecraft:moss_carpet":1,"minecraft:water_bucket":2,"minecraft:stone_sword":13,"minecraft:red_tulip":1,"minecraft:acacia_log":1,"minecraft:stone_pickaxe":22,"minecraft:decorated_pot":1,"minecraft:wooden_pickaxe":19,"minecraft:stone_axe":24,"minecraft:spyglass":36,"minecraft:dirt":1,"minecraft:sand":5,"minecraft:furnace":1,"minecraft:bucket":3,"minecraft:acacia_sapling":2,"minecraft:acacia_planks":4,"minecraft:bone_meal":3},"minecraft:picked_up":{"minecraft:stick":1,"minecraft:cherry_planks":8,"minecraft:dandelion":1,"minecraft:acacia_log":18,"minecraft:wooden_pickaxe":2,"minecraft:sand":5,"minecraft:amethyst_shard":12,"minecraft:cherry_log":4,"minecraft:moss_carpet":1,"minecraft:dirt":2,"minecraft:raw_copper":2,"minecraft:bone":2,"minecraft:rotten_flesh":2,"minecraft:decorated_pot":1,"minecraft:iron_ingot":3,"minecraft:red_tulip":1,"minecraft:cobblestone_slab":2,"minecraft:acacia_slab":1,"minecraft:acacia_sapling":3,"minecraft:cobblestone":27},"minecraft:mined":{"minecraft:acacia_leaves":42,"minecraft:cherry_log":4,"minecraft:amethyst_cluster":3,"minecraft:cobblestone_slab":2,"minecraft:acacia_log":18,"minecraft:grass_block":1,"minecraft:decorated_pot":1,"minecraft:cherry_leaves":1,"minecraft:copper_ore":1,"minecraft:cobblestone":10,"minecraft:stone":24},"minecraft:custom":{"minecraft:time_since_rest":3293,"minecraft:interact_with_furnace":7,"minecraft:sprint_one_cm":114637,"minecraft:damage_taken":3290,"minecraft:walk_one_cm":99469,"minecraft:mob_kills":4,"minecraft:drop":9,"minecraft:damage_dealt":969,"minecraft:interact_with_crafting_table":7,"minecraft:swim_one_cm":6442,"minecraft:talked_to_villager":2,"minecraft:fly_one_cm":137791,"minecraft:open_chest":2,"minecraft:open_barrel":2,"minecraft:crouch_one_cm":3658,"minecraft:play_time":52626,"minecraft:deaths":13,"minecraft:sneak_time":1795,"minecraft:walk_under_water_one_cm":2573,"minecraft:jump":653,"minecraft:leave_game":1,"minecraft:walk_on_water_one_cm":11328,"minecraft:time_since_death":3223,"minecraft:climb_one_cm":1042,"minecraft:total_world_time":52626,"minecraft:fall_one_cm":22581},"minecraft:dropped":{"minecraft:cherry_planks":8,"minecraft:wooden_pickaxe":1},"minecraft:killed":{"minecraft:skeleton":1,"minecraft:zombie":1,"minecraft:zombie_villager":1,"minecraft:silverfish":1}},"DataVersion":3953}