{"stats":{"minecraft:custom":{"minecraft:interact_with_furnace":37,"minecraft:mob_kills":15,"minecraft:traded_with_villager":1,"minecraft:interact_with_crafting_table":10,"minecraft:leave_game":4,"minecraft:time_since_death":2800,"minecraft:climb_one_cm":1795,"minecraft:time_since_rest":2880,"minecraft:sprint_one_cm":185588,"minecraft:damage_taken":3866,"minecraft:walk_one_cm":110534,"minecraft:drop":17,"minecraft:damage_dealt":1161,"minecraft:talked_to_villager":16,"minecraft:fly_one_cm":183261,"minecraft:open_chest":1,"minecraft:crouch_one_cm":6347,"minecraft:play_time":68061,"minecraft:deaths":15,"minecraft:sneak_time":5111,"minecraft:walk_under_water_one_cm":2782,"minecraft:jump":1173,"minecraft:walk_on_water_one_cm":7148,"minecraft:total_world_time":68061,"minecraft:fall_one_cm":23027},"minecraft:killed_by":{"minecraft:piglin":1,"minecraft:enderman":1},"minecraft:used":{"minecraft:stone_sword":74,"minecraft:stone_pickaxe":101,"minecraft:spruce_planks":3,"minecraft:wooden_pickaxe":14,"minecraft:iron_sword":3,"minecraft:crafting_table":2,"minecraft:wooden_hoe":2,"minecraft:iron_pickaxe":45,"minecraft:stone_axe":37,"minecraft:cobblestone":2,"minecraft:furnace":1,"minecraft:potato":27},"minecraft:picked_up":{"minecraft:magma_block":12,"minecraft:cherry_planks":1,"minecraft:potato":27,"minecraft:wind_charge":30,"minecraft:dirt":3,"minecraft:leather_boots":4,"minecraft:gold_nugget":49,"minecraft:raw_gold":4,"minecraft:cobblestone_slab":2,"minecraft:spruce_slab":1,"minecraft:oak_slab":1,"minecraft:torch":2,"minecraft:quartz":7,"minecraft:light_blue_glazed_terracotta":1,"minecraft:spruce_fence":4,"minecraft:stripped_spruce_log":1,"minecraft:spruce_sapling":1,"minecraft:spruce_log":41,"minecraft:arrow":3,"minecraft:rotten_flesh":2,"minecraft:slime_ball":6,"minecraft:diamond":2,"minecraft:stone_axe":1,"minecraft:baked_potato":2,"minecraft:netherrack":138,"minecraft:cobblestone":153,"minecraft:ender_pearl":1},"minecraft:mined":{"minecraft:podzol":1,"minecraft:nether_gold_ore":13,"minecraft:torch":1,"minecraft:dead_tube_coral_block":1,"minecraft:light_blue_glazed_terracotta":1,"minecraft:cobblestone":50,"minecraft:spruce_leaves":1,"minecraft:spruce_log":40,"minecraft:stripped_spruce_log":2,"minecraft:potatoes":11,"minecraft:cobblestone_slab":2,"minecraft:stone":81,"minecraft:netherrack":7,"minecraft:gold_ore":4,"minecraft:spruce_slab":3},"minecraft:crafted":{"minecraft:crafting_table":2,"minecraft:spruce_planks":44,"minecraft:wooden_pickaxe":1,"minecraft:iron_helmet":1,"minecraft:iron_sword":1,"minecraft:furnace":1,"minecraft:stone":44,"minecraft:stone_axe":1,"minecraft:iron_boots":1,"minecraft:iron_chestplate":1,"minecraft:wooden_hoe":1,"minecraft:charcoal":3,"minecraft:stick":24,"minecraft:iron_ingot":32,"minecraft:iron_pickaxe":1,"minecraft:stone_pickaxe":1,"minecraft:stone_sword":1,"minecraft:iron_leggings":1},"minecraft:killed":{"minecraft:slime":14,"minecraft:enderman":1},"minecraft:dropped":{"minecraft:oak_slab":1,"minecraft:baked_potato":2,"minecraft:cobblestone":4,"minecraft:spruce_fence":4,"minecraft:dirt":3,"minecraft:leather_boots":3,"minecraft:quartz":7}},"DataVersion":3953}