{"stats":{"minecraft:custom":{"minecraft:mob_kills":66,"minecraft:interact_with_crafting_table":35,"minecraft:open_barrel":7,"minecraft:leave_game":8,"minecraft:time_since_death":1602,"minecraft:climb_one_cm":58128,"minecraft:sprint_one_cm":981635,"minecraft:walk_one_cm":569046,"minecraft:damage_blocked_by_shield":4293,"minecraft:drop":17,"minecraft:talked_to_villager":32,"minecraft:play_time":334981,"minecraft:deaths":53,"minecraft:sneak_time":23668,"minecraft:walk_under_water_one_cm":32259,"minecraft:jump":4965,"minecraft:walk_on_water_one_cm":21148,"minecraft:total_world_time":334981,"minecraft:interact_with_furnace":43,"minecraft:traded_with_villager":13,"minecraft:sleep_in_bed":3,"minecraft:time_since_rest":1636,"minecraft:damage_taken":31580,"minecraft:damage_dealt":9480,"minecraft:player_kills":8,"minecraft:swim_one_cm":16534,"minecraft:fly_one_cm":876953,"minecraft:open_chest":94,"minecraft:crouch_one_cm":53833,"minecraft:use_cauldron":1,"minecraft:fall_one_cm":311798},"minecraft:dropped":{"minecraft:enchanted_book":1,"minecraft:cobblestone":1,"minecraft:amethyst_block":5,"minecraft:coal":5,"minecraft:stick":1,"minecraft:emerald":1,"minecraft:bone_block":12,"minecraft:acacia_planks":5,"minecraft:poppy":2,"minecraft:cobblestone_slab":2,"minecraft:spruce_planks":2,"minecraft:diamond_pickaxe":1,"minecraft:iron_chestplate":1,"minecraft:spider_eye":1,"minecraft:raw_gold":3,"minecraft:acacia_fence":4},"minecraft:killed_by":{"minecraft:skeleton":1,"minecraft:witch":1},"minecraft:broken":{"minecraft:stone_pickaxe":1,"minecraft:shield":1,"minecraft:golden_sword":1,"minecraft:stone_axe":1},"minecraft:mined":{"minecraft:spruce_planks":53,"minecraft:white_bed":1,"minecraft:deepslate_diamond_ore":4,"minecraft:jungle_slab":2,"minecraft:cherry_log":9,"minecraft:cherry_sapling":1,"minecraft:obsidian":4,"minecraft:budding_amethyst":1,"minecraft:acacia_log":19,"minecraft:decorated_pot":1,"minecraft:white_concrete":7,"minecraft:spruce_leaves":37,"minecraft:red_mushroom":5,"minecraft:orange_concrete":4,"minecraft:magma_block":4,"minecraft:raw_iron_block":4,"minecraft:spruce_sapling":9,"minecraft:furnace":4,"minecraft:polished_basalt":1,"minecraft:iron_ore":15,"minecraft:barrel":1,"minecraft:cobbled_deepslate":2,"minecraft:pointed_dripstone":5,"minecraft:cobblestone_slab":22,"minecraft:stone":137,"minecraft:bone_block":12,"minecraft:spruce_slab":45,"minecraft:podzol":11,"minecraft:blue_wall_banner":1,"minecraft:acacia_leaves":1,"minecraft:brown_mushroom":6,"minecraft:amethyst_cluster":5,"minecraft:basalt":1,"minecraft:dandelion":1,"minecraft:powder_snow":6,"minecraft:crafting_table":2,"minecraft:clay":22,"minecraft:light_gray_terracotta":3,"minecraft:purple_wall_banner":1,"minecraft:emerald_ore":1,"minecraft:dead_bush":3,"minecraft:mushroom_stem":6,"minecraft:tall_grass":1,"minecraft:copper_ore":2,"minecraft:cobblestone":198,"minecraft:lapis_ore":4,"minecraft:sugar_cane":36,"minecraft:spruce_sign":15,"minecraft:amethyst_block":5,"minecraft:pink_petals":1,"minecraft:seagrass":1,"minecraft:white_terracotta":3,"minecraft:acacia_sapling":6,"minecraft:nether_wart_block":4,"minecraft:wheat":1,"minecraft:spruce_log":483,"minecraft:coal_ore":6,"minecraft:cherry_leaves":1,"minecraft:acacia_fence":16,"minecraft:dripstone_block":13,"minecraft:dirt":42,"minecraft:terracotta":4,"minecraft:smooth_basalt":24,"minecraft:acacia_sign":19,"minecraft:acacia_planks":27,"minecraft:red_mushroom_block":77,"minecraft:ancient_debris":2,"minecraft:netherrack":18,"minecraft:orange_wall_banner":1,"minecraft:gold_ore":3,"minecraft:acacia_wall_sign":1,"minecraft:deepslate":3},"minecraft:used":{"minecraft:light_blue_banner":1,"minecraft:cherry_sapling":1,"minecraft:spruce_slab":167,"minecraft:ladder":125,"minecraft:decorated_pot":1,"minecraft:shield":171,"minecraft:spruce_planks":404,"minecraft:iron_sword":29,"minecraft:iron_chestplate":1,"minecraft:torch":4,"minecraft:dirt":297,"minecraft:spyglass":13,"minecraft:diamond_helmet":1,"minecraft:acacia_sapling":3,"minecraft:lava_bucket":4,"minecraft:lantern":5,"minecraft:acacia_slab":1,"minecraft:golden_sword":23,"minecraft:magma_block":4,"minecraft:furnace":2,"minecraft:acacia_planks":78,"minecraft:cobbled_deepslate":5,"minecraft:water_bucket":4,"minecraft:diamond_boots":1,"minecraft:stone_pickaxe":133,"minecraft:wooden_pickaxe":4,"minecraft:spruce_sign":19,"minecraft:cobblestone_slab":21,"minecraft:diamond_axe":806,"minecraft:sugar_cane":6,"minecraft:terracotta":4,"minecraft:crafting_table":2,"minecraft:mushroom_stew":5,"minecraft:light_gray_terracotta":3,"minecraft:dripstone_block":11,"minecraft:lightning_rod":1,"minecraft:diamond_pickaxe":254,"minecraft:acacia_sign":20,"minecraft:bread":26,"minecraft:iron_pickaxe":150,"minecraft:spruce_sapling":14,"minecraft:stone_axe":121,"minecraft:cobblestone":185,"minecraft:bucket":8,"minecraft:bone_meal":18},"minecraft:crafted":{"minecraft:raw_iron":36,"minecraft:spyglass":1,"minecraft:lightning_rod":1,"minecraft:furnace":1,"minecraft:mushroom_stew":5,"minecraft:bone_meal":108,"minecraft:diamond_helmet":1,"minecraft:diamond_leggings":1,"minecraft:raw_copper":9,"minecraft:ladder":129,"minecraft:spruce_slab":144,"minecraft:stone_pickaxe":1,"minecraft:diamond_boots":1,"minecraft:emerald":6,"minecraft:spruce_sign":6,"minecraft:diamond_axe":1,"minecraft:crafting_table":1,"minecraft:spruce_planks":1144,"minecraft:acacia_slab":6,"minecraft:wooden_pickaxe":1,"minecraft:iron_sword":1,"minecraft:bowl":4,"minecraft:copper_ingot":8,"minecraft:stone_axe":1,"minecraft:bread":42,"minecraft:iron_chestplate":1,"minecraft:diamond_pickaxe":1,"minecraft:charcoal":1,"minecraft:shield":2,"minecraft:stick":616,"minecraft:iron_ingot":9,"minecraft:iron_pickaxe":1,"minecraft:acacia_planks":80,"minecraft:diamond_chestplate":1},"minecraft:picked_up":{"minecraft:iron_chestplate":1,"minecraft:crafting_table":3,"minecraft:clay_ball":60,"minecraft:brown_mushroom":6,"minecraft:orange_banner":1,"minecraft:potion":1,"minecraft:amethyst_block":5,"minecraft:string":8,"minecraft:raw_copper":8,"minecraft:orange_concrete":4,"minecraft:purple_banner":1,"minecraft:cobbled_deepslate":5,"minecraft:red_sand":6,"minecraft:spruce_planks":33,"minecraft:acacia_sign":20,"minecraft:trial_key":4,"minecraft:cobblestone_slab":23,"minecraft:poppy":5,"minecraft:spruce_slab":29,"minecraft:sugar_cane":70,"minecraft:furnace":4,"minecraft:raw_iron":15,"minecraft:stick":9,"minecraft:acacia_fence":24,"minecraft:torch":8,"minecraft:acacia_log":21,"minecraft:cherry_log":9,"minecraft:pointed_dripstone":11,"minecraft:carrot":2,"minecraft:gray_stained_glass_pane":23,"minecraft:arrow":10,"minecraft:rotten_flesh":21,"minecraft:decorated_pot":1,"minecraft:white_terracotta":3,"minecraft:obsidian":4,"minecraft:bone_block":24,"minecraft:cobblestone":270,"minecraft:pink_petals":7,"minecraft:magma_block":4,"minecraft:red_mushroom":24,"minecraft:potato":4,"minecraft:lily_pad":1,"minecraft:ancient_debris":2,"minecraft:lapis_lazuli":18,"minecraft:dirt":302,"minecraft:lantern":4,"minecraft:bone":5,"minecraft:acacia_planks":36,"minecraft:light_blue_banner":1,"minecraft:wheat_seeds":4,"minecraft:raw_gold":3,"minecraft:iron_ingot":3,"minecraft:acacia_sapling":9,"minecraft:smooth_basalt":9,"minecraft:dandelion":1,"minecraft:raw_iron_block":4,"minecraft:dripstone_block":12,"minecraft:amethyst_shard":26,"minecraft:spruce_sapling":24,"minecraft:white_bed":1,"minecraft:spruce_log":459,"minecraft:barrel":1,"minecraft:spider_eye":1,"minecraft:light_gray_terracotta":3,"minecraft:slime_ball":20,"minecraft:diamond":36,"minecraft:cherry_sapling":8,"minecraft:blue_banner":1,"minecraft:spruce_sign":14,"minecraft:bread":2,"minecraft:emerald":1,"minecraft:terracotta":4,"minecraft:acacia_slab":8,"minecraft:netherrack":1,"minecraft:coal":6,"minecraft:diamond_pickaxe":1},"minecraft:killed":{"minecraft:cave_spider":1,"minecraft:spider":4,"minecraft:slime":32,"minecraft:skeleton":8,"minecraft:silverfish":2,"minecraft:zombie_villager":1,"minecraft:creeper":1,"minecraft:zombie":13}},"DataVersion":3953}