{"stats":{"minecraft:used":{"minecraft:dirt":10},"minecraft:picked_up":{"minecraft:crafting_table":1,"minecraft:acacia_planks":6,"minecraft:acacia_log":2,"minecraft:cherry_log":5,"minecraft:string":1,"minecraft:dirt":10},"minecraft:mined":{"minecraft:acacia_log":2,"minecraft:grass_block":2,"minecraft:acacia_planks":7,"minecraft:crafting_table":1},"minecraft:killed_by":{"minecraft:player":1},"minecraft:custom":{"minecraft:time_since_rest":15,"minecraft:crouch_one_cm":5364,"minecraft:play_time":26480,"minecraft:sprint_one_cm":45601,"minecraft:deaths":13,"minecraft:damage_taken":3400,"minecraft:walk_one_cm":115082,"minecraft:sneak_time":2786,"minecraft:mob_kills":2,"minecraft:jump":364,"minecraft:damage_dealt":302,"minecraft:leave_game":2,"minecraft:walk_on_water_one_cm":59,"minecraft:time_since_death":0,"minecraft:climb_one_cm":2294,"minecraft:total_world_time":26480,"minecraft:fall_one_cm":12132,"minecraft:fly_one_cm":53117},"minecraft:killed":{"minecraft:spider":1}},"DataVersion":3953}