{"stats":{"minecraft:custom":{"minecraft:time_since_rest":303206,"minecraft:interact_with_furnace":1,"minecraft:sprint_one_cm":29806,"minecraft:walk_one_cm":74953,"minecraft:damage_taken":230,"minecraft:mob_kills":1,"minecraft:drop":1,"minecraft:damage_dealt":60,"minecraft:talked_to_villager":1,"minecraft:interact_with_crafting_table":1,"minecraft:fly_one_cm":29150,"minecraft:open_chest":7,"minecraft:play_time":360976,"minecraft:deaths":1,"minecraft:sneak_time":6,"minecraft:walk_under_water_one_cm":1095,"minecraft:jump":261,"minecraft:leave_game":1,"minecraft:walk_on_water_one_cm":1254,"minecraft:time_since_death":0,"minecraft:total_world_time":360976,"minecraft:climb_one_cm":756,"minecraft:fall_one_cm":7358},"minecraft:killed_by":{"minecraft:slime":1},"minecraft:used":{"minecraft:spruce_slab":1,"minecraft:spruce_planks":2,"minecraft:wooden_pickaxe":11,"minecraft:stone_axe":30,"minecraft:dirt":4,"minecraft:crafting_table":1},"minecraft:picked_up":{"minecraft:crafting_table":2,"minecraft:torch":3,"minecraft:potato":1,"minecraft:spruce_log":1,"minecraft:dirt":16,"minecraft:oak_wood":9,"minecraft:stone_axe":1,"minecraft:spruce_planks":15,"minecraft:spruce_slab":4,"minecraft:sugar_cane":32,"minecraft:dark_oak_fence":1,"minecraft:cobblestone":8,"minecraft:furnace":1},"minecraft:mined":{"minecraft:spruce_planks":15,"minecraft:furnace":1,"minecraft:spruce_log":1,"minecraft:crafting_table":2,"minecraft:dark_oak_fence":1,"minecraft:oak_wood":10,"minecraft:warped_roots":1,"minecraft:dirt":4,"minecraft:cobblestone":8,"minecraft:spruce_leaves":7,"minecraft:sugar_cane":16,"minecraft:spruce_slab":4,"minecraft:wall_torch":1},"minecraft:crafted":{"minecraft:stick":4,"minecraft:wooden_pickaxe":1},"minecraft:dropped":{"minecraft:stone_axe":1}},"DataVersion":3953}