{"stats":{"minecraft:picked_up":{"minecraft:anvil":2,"minecraft:sea_pickle":1,"minecraft:written_book":1,"minecraft:diamond_ore":3,"minecraft:stick":1,"minecraft:acacia_fence":3,"minecraft:acacia_log":4,"minecraft:cactus":2,"minecraft:iron_block":3,"minecraft:snowball":2,"minecraft:cobblestone":13,"minecraft:pink_petals":8,"minecraft:water_bucket":10,"minecraft:bone":1,"minecraft:grass_block":4,"minecraft:diamond":3,"minecraft:deepslate":3,"minecraft:bone_meal":1,"minecraft:bee_nest":2,"minecraft:allium":1,"minecraft:orange_banner":1,"minecraft:moss_carpet":3,"minecraft:egg":1,"minecraft:stone":3,"minecraft:oak_door":1,"minecraft:fire_charge":1,"minecraft:white_dye":1,"minecraft:brown_dye":22,"minecraft:arrow":3,"minecraft:deepslate_bricks":1,"minecraft:mutton":3,"minecraft:glow_berries":6,"minecraft:bone_block":1,"minecraft:white_wool":2,"minecraft:paper":65,"minecraft:light_blue_banner":1,"minecraft:kelp":1,"minecraft:spore_blossom":1,"minecraft:sculk":1,"minecraft:lava_bucket":11,"minecraft:lime_banner":1,"minecraft:brown_banner":4},"minecraft:used":{"minecraft:moss_block":125,"minecraft:light_blue_banner":6,"minecraft:cherry_sapling":51,"minecraft:light_blue_stained_glass_pane":18,"minecraft:writable_book":16,"minecraft:red_sand":300,"minecraft:melon":7,"minecraft:heavy_core":2,"minecraft:poppy":2,"minecraft:bone_block":18,"minecraft:axolotl_spawn_egg":1,"minecraft:chest":17,"minecraft:white_terracotta":71,"minecraft:stone":7796,"minecraft:bubble_coral":4,"minecraft:farmland":14,"minecraft:tube_coral":3,"minecraft:sculk_sensor":33,"minecraft:soul_sand":84,"minecraft:lily_of_the_valley":2,"minecraft:cocoa_beans":8,"minecraft:skeleton_spawn_egg":1,"minecraft:allium":17,"minecraft:deepslate_tile_slab":4,"minecraft:acacia_sapling":13,"minecraft:tuff":231,"minecraft:axolotl_bucket":20,"minecraft:azure_bluet":2,"minecraft:obsidian":22,"minecraft:jungle_sapling":12,"minecraft:packed_ice":135,"minecraft:lava_bucket":30,"minecraft:coal_ore":148,"minecraft:lime_banner":6,"minecraft:villager_spawn_egg":6,"minecraft:black_stained_glass_pane":8,"minecraft:lantern":50,"minecraft:grass_block":5389,"minecraft:blue_orchid":10,"minecraft:birch_sapling":1,"minecraft:copper_ore":52,"minecraft:warped_nylium":80,"minecraft:mossy_cobblestone_slab":55,"minecraft:raw_gold_block":1,"minecraft:blue_banner":1,"minecraft:stone_brick_stairs":6,"minecraft:stone_bricks":3,"minecraft:reinforced_deepslate":40,"minecraft:deepslate_diamond_ore":307,"minecraft:red_stained_glass_pane":66,"minecraft:snow":477,"minecraft:magma_block":43,"minecraft:warped_fungus":3,"minecraft:hay_block":8,"minecraft:written_book":1,"minecraft:sweet_berries":7,"minecraft:oak_sapling":4,"minecraft:furnace":1,"minecraft:beetroot_seeds":10,"minecraft:gray_bed":1,"minecraft:acacia_fence":187,"minecraft:gold_block":3,"minecraft:egg":2,"minecraft:gray_banner":6,"minecraft:end_stone_brick_stairs":26,"minecraft:fire_coral_fan":3,"minecraft:seagrass":6,"minecraft:green_stained_glass_pane":7,"minecraft:large_fern":18,"minecraft:short_grass":6,"minecraft:emerald_ore":481,"minecraft:tube_coral_fan":3,"minecraft:end_rod":1,"minecraft:cow_spawn_egg":2,"minecraft:end_stone_bricks":12,"minecraft:prismarine":20,"minecraft:jungle_fence":60,"minecraft:oak_planks":80,"minecraft:orange_tulip":6,"minecraft:cactus":13,"minecraft:sandstone":82,"minecraft:composter":9,"minecraft:clay":279,"minecraft:sugar_cane":16,"minecraft:oak_leaves":11,"minecraft:brain_coral":3,"minecraft:glow_berries":12,"minecraft:sand":199,"minecraft:yellow_terracotta":115,"minecraft:lime_stained_glass_pane":58,"minecraft:loom":4,"minecraft:black_banner":4,"minecraft:light_gray_terracotta":122,"minecraft:yellow_concrete":48,"minecraft:deepslate_redstone_ore":68,"minecraft:blue_ice":231,"minecraft:cave_spider_spawn_egg":1,"minecraft:dripstone_block":50,"minecraft:black_bed":1,"minecraft:deepslate_lapis_ore":70,"minecraft:end_stone":1639,"minecraft:deepslate_brick_stairs":46,"minecraft:deepslate_tiles":62,"minecraft:black_terracotta":48,"minecraft:crying_obsidian":8,"minecraft:acacia_door":4,"minecraft:breeze_spawn_egg":2,"minecraft:deepslate_iron_ore":49,"minecraft:lectern":2,"minecraft:spore_blossom":11,"minecraft:red_terracotta":128,"minecraft:diamond_ore":87,"minecraft:deepslate":5870,"minecraft:gravel":10,"minecraft:cat_spawn_egg":3,"minecraft:soul_lantern":18,"minecraft:magenta_stained_glass_pane":78,"minecraft:ocelot_spawn_egg":14,"minecraft:fire_charge":55,"minecraft:chain":43,"minecraft:ice":533,"minecraft:chest_minecart":1,"minecraft:white_concrete":293,"minecraft:chorus_plant":4,"minecraft:bone_meal":821,"minecraft:cobweb":33,"minecraft:azalea":2,"minecraft:oak_fence":65,"minecraft:oak_trapdoor":2,"minecraft:netherite_sword":38,"minecraft:jungle_leaves":9,"minecraft:brain_coral_fan":2,"minecraft:acacia_log":171,"minecraft:white_tulip":4,"minecraft:orange_concrete":45,"minecraft:dead_bush":59,"minecraft:cracked_deepslate_bricks":36,"minecraft:redstone_ore":30,"minecraft:red_concrete":48,"minecraft:mycelium":871,"minecraft:silverfish_spawn_egg":1,"minecraft:sculk":931,"minecraft:deepslate_gold_ore":31,"minecraft:netherrack":735,"minecraft:oak_door":2,"minecraft:bee_spawn_egg":6,"minecraft:torch":26,"minecraft:anvil":6,"minecraft:dirt":2272,"minecraft:spyglass":16,"minecraft:ancient_debris":10,"minecraft:chorus_flower":12,"minecraft:nether_quartz_ore":45,"minecraft:cod_bucket":5,"minecraft:bee_nest":5,"minecraft:raw_iron_block":11,"minecraft:glow_lichen":84,"minecraft:blue_concrete":45,"minecraft:oak_fence_gate":2,"minecraft:purple_banner":2,"minecraft:purple_stained_glass_pane":70,"minecraft:stone_brick_slab":7,"minecraft:flowering_azalea":5,"minecraft:sea_lantern":16,"minecraft:red_tulip":4,"minecraft:iron_block":36,"minecraft:iron_axe":1,"minecraft:rooted_dirt":7,"minecraft:spawner":8,"minecraft:acacia_slab":90,"minecraft:jungle_log":5,"minecraft:chicken_spawn_egg":7,"minecraft:pink_stained_glass_pane":11,"minecraft:barrel":7,"minecraft:smooth_basalt":586,"minecraft:bamboo":14,"minecraft:basalt":228,"minecraft:purple_concrete":46,"minecraft:raw_copper_block":9,"minecraft:lime_concrete":45,"minecraft:soul_soil":226,"minecraft:deepslate_tile_stairs":25,"minecraft:white_stained_glass_pane":10,"minecraft:podzol":54,"minecraft:infested_cobblestone":111,"minecraft:trapped_chest":2,"minecraft:cyan_banner":3,"minecraft:pointed_dripstone":23,"minecraft:brown_bed":4,"minecraft:golden_axe":10,"minecraft:acacia_planks":64,"minecraft:cherry_fence":23,"minecraft:powder_snow_bucket":51,"minecraft:orange_stained_glass_pane":69,"minecraft:pumpkin":4,"minecraft:horn_coral_fan":2,"minecraft:calcite":259,"minecraft:water_bucket":380,"minecraft:pink_tulip":3,"minecraft:yellow_banner":1,"minecraft:amethyst_block":461,"minecraft:iron_ore":132,"minecraft:cobblestone_stairs":78,"minecraft:snow_block":19,"minecraft:bubble_coral_fan":4,"minecraft:copper_block":29,"minecraft:brown_mushroom":39,"minecraft:fletching_table":2,"minecraft:stonecutter":1,"minecraft:gold_ore":103,"minecraft:deepslate_bricks":124,"minecraft:cracked_stone_bricks":5,"minecraft:mossy_cobblestone":89,"minecraft:vine":106,"minecraft:rail":5,"minecraft:terracotta":1117,"minecraft:crafting_table":1,"minecraft:red_mushroom":60,"minecraft:brown_banner":38,"minecraft:yellow_stained_glass_pane":99,"minecraft:sculk_shrieker":7,"minecraft:fire_coral":4,"minecraft:smoker":7,"minecraft:bamboo_fence_gate":1,"minecraft:nether_gold_ore":27,"minecraft:deepslate_tile_wall":20,"minecraft:oak_log":17,"minecraft:gray_terracotta":14,"minecraft:blue_stained_glass_pane":60,"minecraft:mud":10,"minecraft:oxeye_daisy":10,"minecraft:dark_prismarine":19,"minecraft:ender_eye":4,"minecraft:diamond_pickaxe":1064,"minecraft:acacia_stairs":7,"minecraft:cornflower":3,"minecraft:command_block":1,"minecraft:pig_spawn_egg":2,"minecraft:netherite_axe":2,"minecraft:lapis_ore":37,"minecraft:magenta_concrete":49,"minecraft:spruce_sapling":8,"minecraft:budding_amethyst":27,"minecraft:crimson_nylium":69,"minecraft:acacia_fence_gate":2,"minecraft:pink_petals":1292,"minecraft:crimson_fungus":3,"minecraft:cobblestone":16,"minecraft:orange_banner":3,"minecraft:cyan_stained_glass_pane":62,"minecraft:red_concrete_powder":1,"minecraft:red_banner":2,"minecraft:glass_pane":5,"minecraft:yellow_bed":2,"minecraft:end_portal_frame":13,"minecraft:sea_pickle":41,"minecraft:dandelion":2,"minecraft:kelp":90,"minecraft:sculk_vein":678,"minecraft:candle":31,"minecraft:sculk_catalyst":1,"minecraft:brown_mushroom_block":7},"minecraft:killed":{"minecraft:skeleton":2,"minecraft:axolotl":17,"minecraft:creeper":2,"minecraft:sheep":2,"minecraft:zombie":2,"minecraft:villager":3,"minecraft:enderman":1},"minecraft:mined":{"minecraft:cobblestone":1,"minecraft:stone":1063},"minecraft:crafted":{"minecraft:arrow":16},"minecraft:dropped":{"minecraft:gold_ore":4,"minecraft:clay":1,"minecraft:soul_sand":2,"minecraft:short_grass":1,"minecraft:oak_log":1,"minecraft:loom":3,"minecraft:diamond":58,"minecraft:orange_tulip":1,"minecraft:glow_berries":8,"minecraft:lantern":2,"minecraft:lime_stained_glass_pane":5,"minecraft:chest_minecart":1,"minecraft:creeper_banner_pattern":1,"minecraft:brown_banner":11,"minecraft:black_banner":2,"minecraft:raw_gold_block":2,"minecraft:red_mushroom":2,"minecraft:gold_block":2,"minecraft:dirt":6,"minecraft:melon":1,"minecraft:deepslate_gold_ore":2,"minecraft:packed_ice":2,"minecraft:ice":2,"minecraft:raw_copper_block":2,"minecraft:yellow_dye":1,"minecraft:black_stained_glass_pane":2,"minecraft:large_fern":2,"minecraft:mutton":3,"minecraft:seagrass":1,"minecraft:snowball":3,"minecraft:light_gray_banner":2,"minecraft:chain":2,"minecraft:writable_book":1,"minecraft:white_stained_glass_pane":2,"minecraft:bone_meal":5,"minecraft:bone_block":1,"minecraft:sand":4,"minecraft:black_concrete":1,"minecraft:light_blue_banner":3,"minecraft:white_wool":2,"minecraft:green_stained_glass_pane":2,"minecraft:gray_dye":3,"minecraft:brown_mushroom_block":1,"minecraft:bone":1,"minecraft:gold_ingot":57,"minecraft:white_tulip":1,"minecraft:sugar_cane":2,"minecraft:silverfish_spawn_egg":1,"minecraft:spyglass":1,"minecraft:ancient_debris":4,"minecraft:gray_banner":2,"minecraft:netherite_sword":2,"minecraft:obsidian":2,"minecraft:purple_banner":2,"minecraft:pointed_dripstone":2,"minecraft:end_stone":2,"minecraft:lime_dye":1,"minecraft:prismarine":2,"minecraft:red_stained_glass_pane":3,"minecraft:yellow_stained_glass_pane":4,"minecraft:sea_lantern":2,"minecraft:deepslate_tiles":2,"minecraft:orange_banner":1,"minecraft:cyan_banner":4,"minecraft:coal_ore":2,"minecraft:beetroot_seeds":1,"minecraft:jungle_log":64,"minecraft:acacia_slab":1,"minecraft:azalea":1,"minecraft:bee_nest":3,"minecraft:chest":2,"minecraft:yellow_banner":2,"minecraft:white_dye":1,"minecraft:iron_ore":1,"minecraft:arrow":3,"minecraft:end_stone_bricks":2,"minecraft:purple_stained_glass_pane":2,"minecraft:written_book":1,"minecraft:acacia_fence":8,"minecraft:axolotl_spawn_egg":1,"minecraft:oak_leaves":3,"minecraft:infested_cobblestone":1,"minecraft:netherrack":1,"minecraft:breeze_spawn_egg":2,"minecraft:egg":1,"minecraft:spawner":4,"minecraft:enchanted_book":1,"minecraft:water_bucket":12,"minecraft:blue_stained_glass_pane":4,"minecraft:vine":2,"minecraft:red_concrete_powder":1,"minecraft:gray_stained_glass_pane":63,"minecraft:sculk_shrieker":3,"minecraft:mossy_cobblestone":3,"minecraft:deepslate_diamond_ore":2,"minecraft:dripstone_block":2,"minecraft:yellow_concrete":2,"minecraft:cyan_dye":1,"minecraft:netherite_axe":1,"minecraft:oak_fence":2,"minecraft:yellow_terracotta":2,"minecraft:sculk_vein":1,"minecraft:purple_concrete":2,"minecraft:amethyst_block":3,"minecraft:purple_dye":1,"minecraft:chicken_spawn_egg":1,"minecraft:acacia_log":7,"minecraft:grass_block":9,"minecraft:lime_banner":3,"minecraft:end_rod":1,"minecraft:oxeye_daisy":1,"minecraft:lava_bucket":10,"minecraft:iron_block":8,"minecraft:bee_spawn_egg":2,"minecraft:sculk":5,"minecraft:nether_gold_ore":2,"minecraft:torch":2,"minecraft:sculk_catalyst":2,"minecraft:white_concrete":1,"minecraft:bamboo_fence_gate":1,"minecraft:fire_charge":4,"minecraft:jungle_leaves":2,"minecraft:pumpkin":5,"minecraft:red_dye":1,"minecraft:raw_iron_block":1,"minecraft:mud":1,"minecraft:cactus":4,"minecraft:lily_pad":2,"minecraft:paper":109,"minecraft:light_blue_stained_glass_pane":2,"minecraft:pink_petals":10,"minecraft:trapped_chest":2,"minecraft:pink_stained_glass_pane":2,"minecraft:smooth_basalt":3,"minecraft:pink_tulip":1,"minecraft:red_concrete":2,"minecraft:anvil":5,"minecraft:moss_carpet":3,"minecraft:kelp":2,"minecraft:redstone_ore":1,"minecraft:sweet_berries":1,"minecraft:brown_dye":81,"minecraft:oak_trapdoor":1,"minecraft:cocoa_beans":1,"minecraft:light_gray_terracotta":3,"minecraft:lime_concrete":1,"minecraft:deepslate":125,"minecraft:orange_concrete":7,"minecraft:red_banner":2,"minecraft:sculk_sensor":2,"minecraft:magenta_stained_glass_pane":4,"minecraft:blue_concrete":2,"minecraft:villager_spawn_egg":3,"minecraft:cyan_stained_glass_pane":3,"minecraft:ender_eye":2,"minecraft:glow_lichen":2,"minecraft:budding_amethyst":2,"minecraft:magenta_concrete":3,"minecraft:diamond_ore":10,"minecraft:glass_pane":1,"minecraft:red_terracotta":1,"minecraft:deepslate_bricks":1,"minecraft:copper_ore":1,"minecraft:hay_block":3,"minecraft:stone":9,"minecraft:sea_pickle":4,"minecraft:end_stone_brick_stairs":2,"minecraft:allium":1,"minecraft:blue_banner":1,"minecraft:blue_ice":2,"minecraft:end_portal_frame":3,"minecraft:cat_spawn_egg":1,"minecraft:cow_spawn_egg":1,"minecraft:light_gray_dye":3,"minecraft:blue_orchid":1,"minecraft:orange_stained_glass_pane":4,"minecraft:red_tulip":1,"minecraft:calcite":3,"minecraft:dark_prismarine":2,"minecraft:terracotta":3},"minecraft:custom":{"minecraft:open_barrel":28,"minecraft:leave_game":14,"minecraft:time_since_death":283428,"minecraft:sprint_one_cm":22807,"minecraft:drop":453,"minecraft:talked_to_villager":26,"minecraft:play_time":1641426,"minecraft:deaths":4,"minecraft:jump":826,"minecraft:walk_on_water_one_cm":88723,"minecraft:traded_with_villager":1,"minecraft:interact_with_loom":53,"minecraft:damage_dealt":3351,"minecraft:crouch_one_cm":4981,"minecraft:mob_kills":30,"minecraft:interact_with_anvil":46,"minecraft:climb_one_cm":6476,"minecraft:walk_one_cm":535649,"minecraft:sneak_time":32660,"minecraft:walk_under_water_one_cm":132659,"minecraft:interact_with_lectern":5,"minecraft:total_world_time":1822209,"minecraft:time_since_rest":283456,"minecraft:damage_taken":960,"minecraft:trigger_trapped_chest":3,"minecraft:swim_one_cm":23707,"minecraft:fly_one_cm":7802306,"minecraft:open_chest":81}},"DataVersion":3953}