{"stats":{"minecraft:custom":{"minecraft:time_since_rest":11999,"minecraft:open_chest":9,"minecraft:play_time":11999,"minecraft:sprint_one_cm":7242,"minecraft:damage_taken":60,"minecraft:walk_one_cm":44403,"minecraft:jump":58,"minecraft:leave_game":1,"minecraft:time_since_death":11999,"minecraft:total_world_time":11999,"minecraft:talked_to_villager":1,"minecraft:interact_with_crafting_table":1,"minecraft:fall_one_cm":1388,"minecraft:fly_one_cm":614},"minecraft:used":{"minecraft:torch":1,"minecraft:dirt":4,"minecraft:oak_slab":1,"minecraft:spruce_planks":34,"minecraft:potato":4,"minecraft:spruce_sign":2,"minecraft:spruce_sapling":5},"minecraft:picked_up":{"minecraft:oak_slab":1,"minecraft:stick":4,"minecraft:torch":1,"minecraft:potato":4,"minecraft:spruce_planks":12,"minecraft:spruce_sign":1,"minecraft:spruce_sapling":9,"minecraft:spruce_log":7,"minecraft:dirt":15},"minecraft:mined":{"minecraft:podzol":17,"minecraft:potatoes":1,"minecraft:oak_slab":1,"minecraft:spruce_planks":12,"minecraft:spruce_leaves":26,"minecraft:spruce_log":7,"minecraft:spruce_sign":1},"minecraft:crafted":{"minecraft:spruce_sign":3,"minecraft:spruce_planks":28}},"DataVersion":3953}