{"stats":{"minecraft:dropped":{"minecraft:diamond_sword":1,"minecraft:shield":1,"minecraft:diamond_chestplate":1},"minecraft:custom":{"minecraft:time_since_rest":2103,"minecraft:sprint_one_cm":99430,"minecraft:damage_taken":7324,"minecraft:walk_one_cm":111922,"minecraft:damage_blocked_by_shield":719,"minecraft:mob_kills":1,"minecraft:drop":3,"minecraft:damage_dealt":2295,"minecraft:talked_to_villager":2,"minecraft:interact_with_crafting_table":7,"minecraft:player_kills":8,"minecraft:fly_one_cm":181083,"minecraft:crouch_one_cm":3621,"minecraft:play_time":33201,"minecraft:deaths":26,"minecraft:sneak_time":1071,"minecraft:jump":795,"minecraft:leave_game":2,"minecraft:time_since_death":2070,"minecraft:total_world_time":33201,"minecraft:fall_one_cm":123156},"minecraft:mined":{"minecraft:spruce_log":4},"minecraft:killed_by":{"minecraft:player":15,"minecraft:zombie":6},"minecraft:used":{"minecraft:bread":2,"minecraft:baked_potato":3,"minecraft:shield":174,"minecraft:cooked_chicken":1,"minecraft:diamond_chestplate":3,"minecraft:diamond_sword":23},"minecraft:crafted":{"minecraft:diamond_sword":1,"minecraft:shield":1,"minecraft:spruce_planks":16,"minecraft:stick":8,"minecraft:iron_pickaxe":1,"minecraft:stone_axe":1,"minecraft:diamond_chestplate":1},"minecraft:picked_up":{"minecraft:spruce_log":4,"minecraft:acacia_planks":1,"minecraft:rotten_flesh":3,"minecraft:diamond":10,"minecraft:iron_ingot":4,"minecraft:cooked_chicken":1,"minecraft:gold_ingot":21,"minecraft:bread":2,"minecraft:baked_potato":13,"minecraft:spruce_slab":1,"minecraft:cobblestone":76},"minecraft:killed":{"minecraft:zombie":1}},"DataVersion":3953}