{"stats":{"minecraft:crafted":{"minecraft:diamond_sword":1,"minecraft:diamond_axe":1,"minecraft:crafting_table":3,"minecraft:acacia_slab":114,"minecraft:wooden_pickaxe":1,"minecraft:furnace":1,"minecraft:stone_axe":1,"minecraft:jungle_planks":76,"minecraft:diamond_helmet":1,"minecraft:diamond_leggings":1,"minecraft:diamond_pickaxe":1,"minecraft:shield":1,"minecraft:stick":17,"minecraft:iron_pickaxe":1,"minecraft:iron_ingot":4,"minecraft:stone_pickaxe":1,"minecraft:wooden_axe":1,"minecraft:diamond_boots":1,"minecraft:acacia_planks":84,"minecraft:diamond_chestplate":1},"minecraft:used":{"minecraft:beetroot":6,"minecraft:moss_block":1,"minecraft:stone_pickaxe":32,"minecraft:chest":2,"minecraft:wooden_pickaxe":7,"minecraft:fletching_table":1,"minecraft:diamond_axe":69,"minecraft:cobblestone_slab":2,"minecraft:dirt":60,"minecraft:torch":2,"minecraft:mossy_cobblestone":1,"minecraft:crafting_table":4,"minecraft:jungle_planks":58,"minecraft:carrot":4,"minecraft:wooden_axe":17,"minecraft:diamond_pickaxe":9,"minecraft:lantern":1,"minecraft:melon_slice":14,"minecraft:acacia_slab":116,"minecraft:iron_pickaxe":9,"minecraft:bamboo":1,"minecraft:diamond_sword":6,"minecraft:stone_axe":69,"minecraft:magma_block":1,"minecraft:furnace":1,"minecraft:cobbled_deepslate":4,"minecraft:acacia_planks":45},"minecraft:picked_up":{"minecraft:wooden_axe":1,"minecraft:cocoa_beans":6,"minecraft:crafting_table":2,"minecraft:magma_block":1,"minecraft:azure_bluet":1,"minecraft:clay_ball":64,"minecraft:jungle_log":19,"minecraft:black_bed":1,"minecraft:lapis_lazuli":7,"minecraft:dirt":69,"minecraft:lantern":1,"minecraft:leather_boots":1,"minecraft:bone":1,"minecraft:acacia_planks":35,"minecraft:beetroot":6,"minecraft:orange_tulip":1,"minecraft:gold_nugget":51,"minecraft:cobbled_deepslate":8,"minecraft:cobbled_deepslate_slab":2,"minecraft:stone_pickaxe":1,"minecraft:cobblestone_slab":3,"minecraft:fletching_table":1,"minecraft:bamboo":3,"minecraft:moss_block":1,"minecraft:melon_slice":14,"minecraft:chest":2,"minecraft:acacia_sapling":1,"minecraft:acacia_fence":7,"minecraft:stick":2,"minecraft:raw_iron":4,"minecraft:acacia_log":21,"minecraft:torch":4,"minecraft:dandelion":2,"minecraft:sand":10,"minecraft:leather_helmet":1,"minecraft:mossy_cobblestone":1,"minecraft:spider_eye":1,"minecraft:diamond":4,"minecraft:beetroot_seeds":18,"minecraft:gray_banner":1,"minecraft:diamond_axe":1,"minecraft:red_tulip":2,"minecraft:terracotta":3,"minecraft:acacia_slab":8,"minecraft:brown_banner":1,"minecraft:cobblestone":18},"minecraft:mined":{"minecraft:acacia_leaves":4,"minecraft:glass_pane":1,"minecraft:mossy_cobblestone":1,"minecraft:deepslate_diamond_ore":4,"minecraft:clay":18,"minecraft:crafting_table":1,"minecraft:short_grass":7,"minecraft:acacia_log":16,"minecraft:grass_block":38,"minecraft:melon":3,"minecraft:infested_cobblestone":2,"minecraft:gray_banner":1,"minecraft:chest":2,"minecraft:jungle_log":19,"minecraft:tall_grass":1,"minecraft:acacia_slab":10,"minecraft:oak_planks":2,"minecraft:spawner":2,"minecraft:seagrass":1,"minecraft:red_terracotta":4,"minecraft:magma_block":1,"minecraft:cobbled_deepslate":1,"minecraft:barrel":1,"minecraft:brown_wall_banner":1,"minecraft:black_bed":1,"minecraft:fletching_table":1,"minecraft:cobblestone_slab":1,"minecraft:oak_log":1,"minecraft:vine":2,"minecraft:deepslate_iron_ore":3,"minecraft:beetroots":9,"minecraft:dirt_path":1,"minecraft:acacia_fence":7,"minecraft:sand":5,"minecraft:dirt":28,"minecraft:terracotta":11,"minecraft:acacia_planks":35,"minecraft:stonecutter":1,"minecraft:stone":16,"minecraft:deepslate":4},"minecraft:killed_by":{"minecraft:player":2},"minecraft:custom":{"minecraft:interact_with_furnace":6,"minecraft:mob_kills":8,"minecraft:interact_with_crafting_table":19,"minecraft:open_barrel":6,"minecraft:leave_game":2,"minecraft:time_since_death":1308,"minecraft:sleep_in_bed":1,"minecraft:climb_one_cm":6888,"minecraft:time_since_rest":1369,"minecraft:sprint_one_cm":118054,"minecraft:damage_taken":3520,"minecraft:walk_one_cm":218555,"minecraft:drop":25,"minecraft:damage_dealt":2559,"minecraft:talked_to_villager":1,"minecraft:swim_one_cm":12978,"minecraft:fly_one_cm":112673,"minecraft:player_kills":4,"minecraft:open_chest":6,"minecraft:crouch_one_cm":24108,"minecraft:play_time":76946,"minecraft:deaths":12,"minecraft:sneak_time":7906,"minecraft:walk_under_water_one_cm":42606,"minecraft:jump":816,"minecraft:walk_on_water_one_cm":19550,"minecraft:total_world_time":76946,"minecraft:fall_one_cm":13280},"minecraft:killed":{"minecraft:cave_spider":1,"minecraft:zombie":3,"minecraft:silverfish":2},"minecraft:dropped":{"minecraft:diamond_axe":1,"minecraft:cocoa_beans":6,"minecraft:diamond":38,"minecraft:cobblestone":2,"minecraft:azure_bluet":1,"minecraft:leather_helmet":2,"minecraft:stick":1,"minecraft:dirt":6,"minecraft:wooden_axe":1,"minecraft:stone_pickaxe":1,"minecraft:leather_boots":2,"minecraft:gold_nugget":56,"minecraft:spider_eye":1,"minecraft:sand":10,"minecraft:wooden_pickaxe":1,"minecraft:red_tulip":2,"minecraft:bone":1}},"DataVersion":3953}