{"stats":{"minecraft:custom":{"minecraft:mob_kills":46,"minecraft:interact_with_crafting_table":27,"minecraft:open_barrel":2,"minecraft:time_since_death":12060,"minecraft:leave_game":4,"minecraft:climb_one_cm":20344,"minecraft:sprint_one_cm":391629,"minecraft:walk_one_cm":330809,"minecraft:damage_blocked_by_shield":670,"minecraft:drop":20,"minecraft:talked_to_villager":57,"minecraft:play_time":151507,"minecraft:deaths":34,"minecraft:sneak_time":8501,"minecraft:walk_under_water_one_cm":10181,"minecraft:boat_one_cm":1564,"minecraft:jump":3103,"minecraft:walk_on_water_one_cm":7405,"minecraft:total_world_time":151507,"minecraft:interact_with_furnace":72,"minecraft:traded_with_villager":31,"minecraft:time_since_rest":12087,"minecraft:damage_taken":11450,"minecraft:damage_dealt":7744,"minecraft:player_kills":7,"minecraft:fly_one_cm":697803,"minecraft:swim_one_cm":10054,"minecraft:open_chest":20,"minecraft:crouch_one_cm":34473,"minecraft:fall_one_cm":88263},"minecraft:killed_by":{"minecraft:player":5,"minecraft:zombified_piglin":1,"minecraft:spider":1,"minecraft:silverfish":1,"minecraft:skeleton":2,"minecraft:zombie":2},"minecraft:broken":{"minecraft:leather_helmet":1,"minecraft:stone_pickaxe":1,"minecraft:leather_boots":1,"minecraft:stone_axe":1},"minecraft:used":{"minecraft:cherry_sapling":1,"minecraft:stone_sword":73,"minecraft:stone_shovel":98,"minecraft:spruce_planks":9,"minecraft:decorated_pot":2,"minecraft:shield":19,"minecraft:iron_sword":14,"minecraft:torch":3,"minecraft:soul_sand":1,"minecraft:dirt":35,"minecraft:acacia_slab":12,"minecraft:barrel":1,"minecraft:sweet_berries":1,"minecraft:furnace":8,"minecraft:potato":76,"minecraft:cobbled_deepslate":3,"minecraft:acacia_planks":12,"minecraft:water_bucket":3,"minecraft:stone_pickaxe":172,"minecraft:oak_planks":62,"minecraft:wooden_pickaxe":6,"minecraft:composter":8,"minecraft:stonecutter":1,"minecraft:sugar_cane":20,"minecraft:crafting_table":7,"minecraft:cyan_glazed_terracotta":1,"minecraft:bread":41,"minecraft:iron_pickaxe":126,"minecraft:stone_axe":83,"minecraft:cobblestone":10,"minecraft:bucket":4},"minecraft:picked_up":{"minecraft:shelter_pottery_sherd":1,"minecraft:crafting_table":6,"minecraft:clay_ball":388,"minecraft:string":6,"minecraft:cobbled_deepslate":3,"minecraft:spruce_planks":9,"minecraft:acacia_sign":1,"minecraft:cobblestone_slab":5,"minecraft:sugar_cane":20,"minecraft:furnace":7,"minecraft:stick":1,"minecraft:stone":30,"minecraft:composter":7,"minecraft:torch":3,"minecraft:acacia_log":9,"minecraft:cyan_glazed_terracotta":1,"minecraft:arrow":12,"minecraft:rotten_flesh":13,"minecraft:decorated_pot":2,"minecraft:cobblestone":207,"minecraft:potato":196,"minecraft:tuff":1,"minecraft:cobblestone_stairs":1,"minecraft:gunpowder":1,"minecraft:lapis_lazuli":7,"minecraft:dirt":35,"minecraft:leather_boots":1,"minecraft:bone":10,"minecraft:acacia_planks":5,"minecraft:bow":2,"minecraft:spore_blossom":1,"minecraft:iron_ingot":1,"minecraft:moss_block":3,"minecraft:soul_sand":1,"minecraft:acacia_sapling":1,"minecraft:oak_planks":36,"minecraft:sweet_berries":1,"minecraft:spruce_log":2,"minecraft:spider_eye":1,"minecraft:barrel":1,"minecraft:leather_helmet":1,"minecraft:slime_ball":13,"minecraft:stone_axe":1,"minecraft:terracotta":1,"minecraft:acacia_slab":9},"minecraft:mined":{"minecraft:tuff":1,"minecraft:spruce_planks":6,"minecraft:sculk_vein":6,"minecraft:cobblestone_stairs":1,"minecraft:glow_lichen":1,"minecraft:acacia_log":8,"minecraft:grass_block":1,"minecraft:infested_cobblestone":1,"minecraft:decorated_pot":1,"minecraft:acacia_slab":7,"minecraft:moss_block":2,"minecraft:composter":7,"minecraft:furnace":7,"minecraft:barrel":1,"minecraft:deepslate_lapis_ore":1,"minecraft:potatoes":60,"minecraft:cobblestone_slab":2,"minecraft:stone":132,"minecraft:acacia_leaves":1,"minecraft:soul_sand":1,"minecraft:crafting_table":6,"minecraft:clay":99,"minecraft:short_grass":1,"minecraft:sculk_sensor":1,"minecraft:cobblestone":36,"minecraft:lapis_ore":2,"minecraft:sugar_cane":11,"minecraft:sculk":150,"minecraft:spruce_log":2,"minecraft:dirt":4,"minecraft:acacia_planks":4,"minecraft:netherrack":1,"minecraft:oak_leaves":2,"minecraft:deepslate":4,"minecraft:infested_stone":1},"minecraft:crafted":{"minecraft:oak_planks":128,"minecraft:stone_shovel":1,"minecraft:furnace":4,"minecraft:stone":47,"minecraft:stone_pickaxe":2,"minecraft:emerald":16,"minecraft:crafting_table":2,"minecraft:spruce_planks":4,"minecraft:acacia_slab":12,"minecraft:wooden_pickaxe":1,"minecraft:iron_sword":1,"minecraft:bucket":1,"minecraft:stone_axe":1,"minecraft:bread":60,"minecraft:air":0,"minecraft:gold_nugget":4,"minecraft:shield":1,"minecraft:stick":16,"minecraft:iron_ingot":34,"minecraft:iron_pickaxe":1,"minecraft:stone_sword":1,"minecraft:stonecutter":1,"minecraft:composter":1,"minecraft:acacia_planks":36},"minecraft:killed":{"minecraft:cave_spider":2,"minecraft:zombified_piglin":1,"minecraft:spider":5,"minecraft:slime":16,"minecraft:skeleton":8,"minecraft:silverfish":1,"minecraft:creeper":1,"minecraft:zombie":10},"minecraft:dropped":{"minecraft:iron_ingot":1,"minecraft:lapis_lazuli":7,"minecraft:spore_blossom":1,"minecraft:cobblestone":3,"minecraft:stick":2,"minecraft:cobblestone_stairs":1,"minecraft:stone_sword":1,"minecraft:potato":56,"minecraft:cobblestone_slab":2,"minecraft:gunpowder":1,"minecraft:acacia_sapling":1,"minecraft:spider_eye":1,"minecraft:spruce_log":1,"minecraft:stone_pickaxe":1,"minecraft:wooden_pickaxe":1}},"DataVersion":3953}