{"stats":{"minecraft:custom":{"minecraft:mob_kills":16,"minecraft:interact_with_crafting_table":25,"minecraft:open_barrel":6,"minecraft:leave_game":4,"minecraft:time_since_death":3188,"minecraft:climb_one_cm":2422,"minecraft:sprint_one_cm":253050,"minecraft:walk_one_cm":238269,"minecraft:damage_blocked_by_shield":6,"minecraft:drop":30,"minecraft:talked_to_villager":3,"minecraft:play_time":126395,"minecraft:deaths":34,"minecraft:sneak_time":5314,"minecraft:walk_under_water_one_cm":9835,"minecraft:jump":2043,"minecraft:walk_on_water_one_cm":10048,"minecraft:total_world_time":126395,"minecraft:interact_with_furnace":22,"minecraft:time_since_rest":3226,"minecraft:damage_taken":11116,"minecraft:damage_dealt":5908,"minecraft:swim_one_cm":5741,"minecraft:fly_one_cm":390891,"minecraft:player_kills":12,"minecraft:open_chest":14,"minecraft:crouch_one_cm":22152,"minecraft:interact_with_smoker":21,"minecraft:fall_one_cm":83090},"minecraft:killed_by":{"minecraft:player":8,"minecraft:wither_skeleton":2,"minecraft:hoglin":1,"minecraft:zombie":4},"minecraft:broken":{"minecraft:golden_leggings":1},"minecraft:used":{"minecraft:stone_sword":24,"minecraft:stone_shovel":6,"minecraft:spruce_slab":1,"minecraft:chest":2,"minecraft:decorated_pot":2,"minecraft:spruce_planks":135,"minecraft:shield":1,"minecraft:rotten_flesh":4,"minecraft:netherrack":200,"minecraft:carrot":18,"minecraft:lava_bucket":1,"minecraft:basalt":146,"minecraft:furnace":4,"minecraft:potato":85,"minecraft:water_bucket":3,"minecraft:stone_pickaxe":26,"minecraft:baked_potato":21,"minecraft:blackstone":16,"minecraft:wooden_pickaxe":29,"minecraft:spruce_sign":2,"minecraft:diamond_axe":119,"minecraft:cobblestone_slab":2,"minecraft:crafting_table":5,"minecraft:spruce_log":1,"minecraft:smoker":4,"minecraft:diamond_pickaxe":628,"minecraft:gravel":5,"minecraft:stone_axe":99,"minecraft:nether_wart_block":1,"minecraft:fishing_rod":29,"minecraft:diamond_sword":16,"minecraft:cobblestone":21,"minecraft:crimson_door":1,"minecraft:bucket":5,"minecraft:white_concrete":2},"minecraft:picked_up":{"minecraft:fishing_rod":1,"minecraft:crafting_table":3,"minecraft:nether_brick":4,"minecraft:string":2,"minecraft:dead_tube_coral_block":1,"minecraft:blackstone":16,"minecraft:gold_nugget":35,"minecraft:spruce_planks":126,"minecraft:trial_key":4,"minecraft:cobblestone_slab":2,"minecraft:spruce_slab":2,"minecraft:sugar_cane":32,"minecraft:iron_boots":1,"minecraft:furnace":4,"minecraft:stick":1,"minecraft:raw_iron":1,"minecraft:carrot":18,"minecraft:arrow":2,"minecraft:weeping_vines":3,"minecraft:rotten_flesh":43,"minecraft:decorated_pot":2,"minecraft:gold_ingot":27,"minecraft:obsidian":1,"minecraft:cobblestone":41,"minecraft:pink_petals":2,"minecraft:basalt":208,"minecraft:cherry_planks":4,"minecraft:crimson_stem":27,"minecraft:leather":4,"minecraft:smoker":2,"minecraft:potato":324,"minecraft:crimson_fungus":1,"minecraft:nether_wart_block":2,"minecraft:dirt":16,"minecraft:bone":3,"minecraft:raw_gold":2,"minecraft:iron_ingot":9,"minecraft:glass_bottle":15,"minecraft:glowstone_dust":34,"minecraft:warped_fungus":3,"minecraft:light_blue_glazed_terracotta":3,"minecraft:gravel":5,"minecraft:spruce_log":112,"minecraft:spectral_arrow":10,"minecraft:diamond":41,"minecraft:white_concrete":2,"minecraft:emerald":32,"minecraft:baked_potato":4,"minecraft:netherrack":292},"minecraft:mined":{"minecraft:nether_gold_ore":10,"minecraft:diamond_ore":7,"minecraft:spruce_planks":8,"minecraft:dead_tube_coral_block":1,"minecraft:decorated_pot":2,"minecraft:crimson_roots":1,"minecraft:weeping_vines":1,"minecraft:light_blue_glazed_terracotta":1,"minecraft:spruce_leaves":9,"minecraft:crimson_fungus":3,"minecraft:crimson_stem":27,"minecraft:weeping_vines_plant":2,"minecraft:magma_block":2,"minecraft:glowstone":17,"minecraft:furnace":4,"minecraft:carrots":4,"minecraft:iron_ore":1,"minecraft:barrel":1,"minecraft:fire":5,"minecraft:potatoes":21,"minecraft:cobblestone_slab":2,"minecraft:packed_ice":1,"minecraft:stone":58,"minecraft:spruce_slab":3,"minecraft:cherry_planks":4,"minecraft:blackstone":17,"minecraft:smoker":2,"minecraft:crimson_nylium":6,"minecraft:basalt":221,"minecraft:crafting_table":3,"minecraft:cobblestone":13,"minecraft:sugar_cane":16,"minecraft:nether_wart_block":3,"minecraft:blue_ice":2,"minecraft:spruce_log":94,"minecraft:warped_fungus":2,"minecraft:gravel":6,"minecraft:netherrack":308,"minecraft:gold_ore":2},"minecraft:crafted":{"minecraft:stone_shovel":1,"minecraft:fishing_rod":2,"minecraft:furnace":2,"minecraft:diamond_helmet":1,"minecraft:diamond_leggings":1,"minecraft:stone_pickaxe":1,"minecraft:chest":2,"minecraft:diamond_boots":1,"minecraft:smoker":2,"minecraft:crimson_planks":108,"minecraft:diamond_sword":1,"minecraft:spruce_sign":3,"minecraft:diamond_axe":1,"minecraft:crafting_table":3,"minecraft:spruce_planks":340,"minecraft:wooden_pickaxe":1,"minecraft:baked_potato":122,"minecraft:bucket":1,"minecraft:stone_axe":2,"minecraft:air":0,"minecraft:golden_leggings":2,"minecraft:diamond_pickaxe":1,"minecraft:shield":1,"minecraft:warped_fungus_on_a_stick":1,"minecraft:stick":28,"minecraft:iron_ingot":1,"minecraft:stone_sword":1,"minecraft:crimson_door":3,"minecraft:diamond_chestplate":1},"minecraft:killed":{"minecraft:spider":1,"minecraft:magma_cube":1,"minecraft:zombie":10},"minecraft:dropped":{"minecraft:spruce_sign":1,"minecraft:warped_fungus":1,"minecraft:crafting_table":1,"minecraft:stick":5,"minecraft:dirt":16,"minecraft:nether_wart_block":1,"minecraft:cherry_planks":4,"minecraft:pink_petals":2,"minecraft:crimson_fungus":1,"minecraft:stone_axe":1,"minecraft:stone_sword":1,"minecraft:obsidian":1,"minecraft:rotten_flesh":13,"minecraft:trial_key":4,"minecraft:spruce_log":18,"minecraft:spruce_slab":1,"minecraft:basalt":62,"minecraft:arrow":3,"minecraft:stone_pickaxe":1,"minecraft:wooden_pickaxe":1,"minecraft:netherrack":131,"minecraft:dead_tube_coral_block":1}},"DataVersion":3953}