{"stats":{"minecraft:crafted":{"minecraft:cherry_planks":168,"minecraft:wooden_sword":1,"minecraft:oak_planks":24,"minecraft:oak_sign":3,"minecraft:furnace":1,"minecraft:bone_meal":6,"minecraft:warped_planks":12,"minecraft:stone_pickaxe":3,"minecraft:polished_basalt":4,"minecraft:red_dye":1,"minecraft:oak_slab":24,"minecraft:wooden_shovel":1,"minecraft:crafting_table":4,"minecraft:spruce_planks":36,"minecraft:wooden_pickaxe":2,"minecraft:red_bed":1,"minecraft:stone_axe":2,"minecraft:air":0,"minecraft:white_wool":3,"minecraft:shield":1,"minecraft:stick":16,"minecraft:iron_ingot":1,"minecraft:wooden_axe":2,"minecraft:stone_sword":2,"minecraft:white_bed":1},"minecraft:used":{"minecraft:cherry_sapling":1,"minecraft:stone_sword":139,"minecraft:stone_shovel":65,"minecraft:oak_sign":1,"minecraft:polished_basalt":4,"minecraft:shield":36,"minecraft:iron_sword":5,"minecraft:wooden_shovel":21,"minecraft:rotten_flesh":5,"minecraft:netherrack":13,"minecraft:dirt":94,"minecraft:stone_brick_slab":2,"minecraft:wooden_axe":5,"minecraft:lava_bucket":11,"minecraft:barrel":1,"minecraft:stone_bricks":1,"minecraft:basalt":19,"minecraft:soul_soil":18,"minecraft:furnace":1,"minecraft:potato":1,"minecraft:water_bucket":13,"minecraft:stone_pickaxe":281,"minecraft:wooden_pickaxe":33,"minecraft:cherry_planks":77,"minecraft:cobblestone_slab":6,"minecraft:cracked_stone_bricks":4,"minecraft:oak_slab":24,"minecraft:crafting_table":6,"minecraft:red_bed":2,"minecraft:warped_planks":1,"minecraft:stone_axe":176,"minecraft:cobblestone":135,"minecraft:bucket":22,"minecraft:bone_meal":5},"minecraft:picked_up":{"minecraft:crafting_table":2,"minecraft:stone_brick_stairs":2,"minecraft:string":14,"minecraft:red_bed":2,"minecraft:soul_soil":18,"minecraft:wooden_sword":1,"minecraft:cracked_stone_bricks":4,"minecraft:cobbled_deepslate":4,"minecraft:bucket":2,"minecraft:cobblestone_slab":34,"minecraft:poppy":5,"minecraft:dark_oak_sapling":32,"minecraft:raw_iron":1,"minecraft:stick":15,"minecraft:cherry_log":42,"minecraft:stone_sword":1,"minecraft:arrow":5,"minecraft:stone_shovel":1,"minecraft:rotten_flesh":16,"minecraft:cobblestone":286,"minecraft:basalt":23,"minecraft:magma_cream":1,"minecraft:cherry_planks":3,"minecraft:jungle_fence":23,"minecraft:potato":1,"minecraft:crimson_fungus":1,"minecraft:oak_log":6,"minecraft:gunpowder":3,"minecraft:dirt":137,"minecraft:bone":7,"minecraft:stone_bricks":1,"minecraft:wheat_seeds":1,"minecraft:warped_stem":3,"minecraft:stone_pickaxe":1,"minecraft:bamboo":24,"minecraft:iron_sword":1,"minecraft:acacia_sapling":1,"minecraft:yellow_concrete":6,"minecraft:stone_brick_slab":2,"minecraft:quartz":2,"minecraft:gravel":3,"minecraft:spruce_sapling":3,"minecraft:spruce_log":25,"minecraft:spider_eye":5,"minecraft:barrel":1,"minecraft:stone_axe":1,"minecraft:cherry_sapling":11,"minecraft:spruce_sign":2,"minecraft:warped_roots":6,"minecraft:netherrack":13,"minecraft:crimson_roots":4},"minecraft:mined":{"minecraft:cherry_log":41,"minecraft:grass_block":57,"minecraft:crimson_roots":5,"minecraft:soul_soil":20,"minecraft:crimson_fungus":1,"minecraft:moss_block":2,"minecraft:nether_sprouts":3,"minecraft:polished_basalt":2,"minecraft:cobbled_deepslate":3,"minecraft:fire":8,"minecraft:barrel":1,"minecraft:warped_stem":3,"minecraft:bamboo":1,"minecraft:stone":119,"minecraft:acacia_leaves":3,"minecraft:cherry_planks":3,"minecraft:red_bed":2,"minecraft:crimson_nylium":1,"minecraft:soul_fire":6,"minecraft:basalt":28,"minecraft:stone_brick_slab":3,"minecraft:crafting_table":1,"minecraft:short_grass":4,"minecraft:warped_roots":7,"minecraft:nether_quartz_ore":2,"minecraft:tall_grass":2,"minecraft:cobblestone":102,"minecraft:warped_nylium":1,"minecraft:warped_planks":1,"minecraft:spruce_log":2,"minecraft:jungle_fence":28,"minecraft:orange_tulip":1,"minecraft:stone_brick_stairs":3,"minecraft:oak_log":5,"minecraft:cherry_leaves":196,"minecraft:dirt":63,"minecraft:sand":1,"minecraft:cobweb":1,"minecraft:cracked_stone_bricks":5,"minecraft:stone_bricks":1,"minecraft:netherrack":11,"minecraft:oak_leaves":1},"minecraft:killed_by":{"minecraft:player":6,"minecraft:creeper":2,"minecraft:spider":1,"minecraft:magma_cube":1,"minecraft:skeleton":3,"minecraft:zombie":2},"minecraft:custom":{"minecraft:mob_kills":36,"minecraft:interact_with_crafting_table":21,"minecraft:open_barrel":11,"minecraft:leave_game":3,"minecraft:time_since_death":1193,"minecraft:climb_one_cm":5218,"minecraft:sprint_one_cm":377172,"minecraft:walk_one_cm":372262,"minecraft:damage_blocked_by_shield":773,"minecraft:drop":16,"minecraft:play_time":189256,"minecraft:deaths":76,"minecraft:sneak_time":22004,"minecraft:walk_under_water_one_cm":1323,"minecraft:jump":2870,"minecraft:walk_on_water_one_cm":12144,"minecraft:total_world_time":189256,"minecraft:interact_with_furnace":3,"minecraft:sleep_in_bed":1,"minecraft:time_since_rest":3926,"minecraft:damage_taken":19325,"minecraft:damage_dealt":5844,"minecraft:swim_one_cm":350,"minecraft:fly_one_cm":515896,"minecraft:player_kills":3,"minecraft:open_chest":10,"minecraft:crouch_one_cm":68635,"minecraft:fall_one_cm":85465},"minecraft:broken":{"minecraft:stone_pickaxe":1,"minecraft:stone_axe":1,"minecraft:stone_shovel":1},"minecraft:killed":{"minecraft:spider":12,"minecraft:skeleton":3,"minecraft:magma_cube":8,"minecraft:zombie":9},"minecraft:dropped":{"minecraft:cobblestone":107,"minecraft:wooden_axe":1,"minecraft:cherry_planks":91,"minecraft:wooden_sword":2,"minecraft:cherry_sapling":1,"minecraft:poppy":2,"minecraft:acacia_sapling":1,"minecraft:arrow":1,"minecraft:wooden_pickaxe":2}},"DataVersion":3953}