{"stats":{"minecraft:custom":{"minecraft:time_since_rest":1227,"minecraft:interact_with_furnace":2,"minecraft:sprint_one_cm":248666,"minecraft:damage_taken":11924,"minecraft:walk_one_cm":147007,"minecraft:damage_blocked_by_shield":352,"minecraft:mob_kills":7,"minecraft:damage_dealt":7536,"minecraft:interact_with_crafting_table":16,"minecraft:talked_to_villager":10,"minecraft:fly_one_cm":243524,"minecraft:player_kills":19,"minecraft:open_chest":6,"minecraft:crouch_one_cm":5975,"minecraft:play_time":77626,"minecraft:deaths":44,"minecraft:sneak_time":2203,"minecraft:walk_under_water_one_cm":2156,"minecraft:jump":1790,"minecraft:leave_game":5,"minecraft:walk_on_water_one_cm":1631,"minecraft:time_since_death":1189,"minecraft:total_world_time":77626,"minecraft:fall_one_cm":62257},"minecraft:killed_by":{"minecraft:player":19,"minecraft:zombie":6,"minecraft:enderman":1},"minecraft:broken":{"minecraft:golden_helmet":1},"minecraft:used":{"minecraft:diamond_boots":1,"minecraft:diamond_shovel":1,"minecraft:spruce_slab":1,"minecraft:chorus_fruit":5,"minecraft:stone_pickaxe":7,"minecraft:spruce_planks":114,"minecraft:shield":6,"minecraft:cherry_planks":1,"minecraft:iron_boots":1,"minecraft:diamond_axe":245,"minecraft:golden_helmet":2,"minecraft:diamond_sword":41,"minecraft:crafting_table":5,"minecraft:furnace":1,"minecraft:acacia_planks":2,"minecraft:spruce_log":8,"minecraft:diamond_leggings":1},"minecraft:picked_up":{"minecraft:stick":5,"minecraft:crafting_table":7,"minecraft:cherry_planks":1,"minecraft:torch":1,"minecraft:poisonous_potato":1,"minecraft:potato":16,"minecraft:stripped_spruce_log":1,"minecraft:spruce_sapling":3,"minecraft:spruce_log":88,"minecraft:spruce_door":3,"minecraft:dirt":3,"minecraft:acacia_planks":2,"minecraft:rotten_flesh":15,"minecraft:diamond":17,"minecraft:spruce_planks":36,"minecraft:iron_ingot":5,"minecraft:spruce_sign":1,"minecraft:gold_ingot":11,"minecraft:spruce_slab":1,"minecraft:baked_potato":1,"minecraft:chorus_fruit":6,"minecraft:chest":3,"minecraft:cobblestone":13,"minecraft:furnace":3},"minecraft:mined":{"minecraft:spruce_planks":15,"minecraft:furnace":3,"minecraft:spruce_door":3,"minecraft:spruce_log":90,"minecraft:stripped_spruce_log":1,"minecraft:crafting_table":7,"minecraft:potatoes":1,"minecraft:chest":3,"minecraft:dirt":3,"minecraft:cobblestone":1,"minecraft:chorus_plant":1,"minecraft:spruce_leaves":23,"minecraft:stone":2,"minecraft:spruce_slab":4},"minecraft:crafted":{"minecraft:diamond_sword":1,"minecraft:diamond_leggings":1,"minecraft:iron_boots":1,"minecraft:shield":1,"minecraft:crafting_table":2,"minecraft:diamond_axe":1,"minecraft:spruce_planks":116,"minecraft:stick":8,"minecraft:stone_pickaxe":1,"minecraft:diamond_boots":1,"minecraft:diamond_shovel":1,"minecraft:golden_helmet":2},"minecraft:killed":{"minecraft:zombie":6}},"DataVersion":3953}