{"stats":{"minecraft:custom":{"minecraft:mob_kills":23,"minecraft:traded_with_villager":3,"minecraft:interact_with_crafting_table":9,"minecraft:time_since_death":28,"minecraft:leave_game":5,"minecraft:climb_one_cm":740,"minecraft:time_since_rest":54,"minecraft:sprint_one_cm":330467,"minecraft:damage_taken":26538,"minecraft:walk_one_cm":172142,"minecraft:drop":12,"minecraft:damage_dealt":14017,"minecraft:swim_one_cm":13842,"minecraft:talked_to_villager":9,"minecraft:fly_one_cm":672138,"minecraft:player_kills":34,"minecraft:open_chest":6,"minecraft:crouch_one_cm":11028,"minecraft:play_time":111137,"minecraft:deaths":102,"minecraft:sneak_time":3182,"minecraft:walk_under_water_one_cm":11734,"minecraft:jump":3374,"minecraft:walk_on_water_one_cm":22117,"minecraft:total_world_time":111137,"minecraft:fall_one_cm":126185},"minecraft:killed_by":{"minecraft:player":38,"minecraft:skeleton":3,"minecraft:creeper":2,"minecraft:zombie":1},"minecraft:broken":{"minecraft:stone_pickaxe":1,"minecraft:stone_axe":1,"minecraft:stone_shovel":1},"minecraft:used":{"minecraft:moss_block":2,"minecraft:moss_carpet":1,"minecraft:diamond_boots":1,"minecraft:stone_sword":60,"minecraft:stone_shovel":66,"minecraft:spruce_slab":31,"minecraft:stone_pickaxe":76,"minecraft:spruce_planks":8,"minecraft:wooden_pickaxe":59,"minecraft:cobblestone_slab":3,"minecraft:dirt":27,"minecraft:stone_axe":67,"minecraft:diamond_sword":67,"minecraft:cobblestone":13,"minecraft:acacia_planks":8},"minecraft:picked_up":{"minecraft:pink_petals":8,"minecraft:allium":1,"minecraft:gunpowder":2,"minecraft:dirt":29,"minecraft:string":2,"minecraft:moss_carpet":1,"minecraft:bone":1,"minecraft:acacia_planks":7,"minecraft:wheat_seeds":2,"minecraft:spruce_planks":33,"minecraft:cobblestone_slab":3,"minecraft:spruce_slab":9,"minecraft:moss_block":2,"minecraft:acacia_log":2,"minecraft:grass_block":2,"minecraft:spruce_log":1,"minecraft:prismarine_crystals":28,"minecraft:arrow":5,"minecraft:rotten_flesh":16,"minecraft:slime_ball":2,"minecraft:cherry_slab":1,"minecraft:cobblestone":38,"minecraft:ender_pearl":1},"minecraft:mined":{"minecraft:sculk_vein":1,"minecraft:sea_lantern":16,"minecraft:short_grass":9,"minecraft:acacia_log":2,"minecraft:allium":1,"minecraft:tall_grass":6,"minecraft:cobblestone":38,"minecraft:moss_block":5,"minecraft:moss_carpet":1,"minecraft:cave_vines":2,"minecraft:mycelium":1,"minecraft:dirt":5,"minecraft:acacia_planks":9,"minecraft:stone":4},"minecraft:crafted":{"minecraft:diamond_sword":1,"minecraft:spruce_planks":4,"minecraft:wooden_pickaxe":1,"minecraft:stone_axe":1,"minecraft:diamond":6,"minecraft:spruce_slab":54,"minecraft:stick":12,"minecraft:stone_pickaxe":2,"minecraft:stone_sword":1,"minecraft:diamond_boots":1,"minecraft:acacia_planks":8},"minecraft:dropped":{"minecraft:cherry_slab":1,"minecraft:grass_block":1,"minecraft:dirt":1,"minecraft:allium":1,"minecraft:pink_petals":8},"minecraft:killed":{"minecraft:spider":1,"minecraft:slime":1,"minecraft:creeper":2,"minecraft:skeleton":3,"minecraft:zombie":11,"minecraft:enderman":1}},"DataVersion":3953}