{"stats":{"minecraft:custom":{"minecraft:jump":66,"minecraft:open_chest":1,"minecraft:time_since_rest":2373,"minecraft:leave_game":1,"minecraft:deaths":2,"minecraft:crouch_one_cm":420,"minecraft:interact_with_furnace":1,"minecraft:sprint_one_cm":33781,"minecraft:play_time":13289,"minecraft:damage_taken":473,"minecraft:time_since_death":0,"minecraft:walk_one_cm":29063,"minecraft:sneak_time":107,"minecraft:total_world_time":13289,"minecraft:fall_one_cm":1621,"minecraft:fly_one_cm":7418},"minecraft:killed_by":{"minecraft:slime":1},"minecraft:picked_up":{"minecraft:string":2,"minecraft:dripstone_block":1}},"DataVersion":3953}