{"stats":{"minecraft:mined":{"minecraft:fire_coral":1},"minecraft:custom":{"minecraft:jump":150,"minecraft:time_since_rest":472,"minecraft:leave_game":1,"minecraft:damage_dealt":42,"minecraft:walk_on_water_one_cm":1120,"minecraft:deaths":2,"minecraft:sprint_one_cm":12690,"minecraft:play_time":3692,"minecraft:damage_taken":542,"minecraft:time_since_death":445,"minecraft:walk_one_cm":4745,"minecraft:sneak_time":4,"minecraft:total_world_time":3692,"minecraft:walk_under_water_one_cm":2138,"minecraft:swim_one_cm":3276,"minecraft:fall_one_cm":2387,"minecraft:fly_one_cm":44204}},"DataVersion":3953}