{"stats":{"minecraft:custom":{"minecraft:time_since_rest":3159,"minecraft:crouch_one_cm":2454,"minecraft:play_time":25582,"minecraft:sprint_one_cm":42059,"minecraft:walk_one_cm":45883,"minecraft:damage_taken":2341,"minecraft:deaths":9,"minecraft:sneak_time":5169,"minecraft:mob_kills":3,"minecraft:drop":51,"minecraft:jump":370,"minecraft:damage_dealt":138,"minecraft:leave_game":1,"minecraft:time_since_death":3120,"minecraft:total_world_time":25582,"minecraft:fly_one_cm":55738,"minecraft:fall_one_cm":24227,"minecraft:player_kills":1},"minecraft:killed_by":{"minecraft:player":4},"minecraft:used":{"minecraft:wind_charge":100,"minecraft:leather_boots":2},"minecraft:picked_up":{"minecraft:leather_boots":4,"minecraft:cherry_planks":1,"minecraft:slime_ball":1,"minecraft:diamond":2,"minecraft:wind_charge":143},"minecraft:killed":{"minecraft:slime":3},"minecraft:dropped":{"minecraft:slime_ball":1,"minecraft:diamond":2,"minecraft:leather_boots":4,"minecraft:cherry_planks":1,"minecraft:wind_charge":43}},"DataVersion":3953}