{"stats":{"minecraft:custom":{"minecraft:interact_with_furnace":2,"minecraft:mob_kills":13,"minecraft:interact_with_crafting_table":9,"minecraft:leave_game":5,"minecraft:time_since_death":122,"minecraft:time_since_rest":708,"minecraft:sprint_one_cm":347598,"minecraft:damage_taken":18069,"minecraft:walk_one_cm":227056,"minecraft:drop":38,"minecraft:damage_dealt":8584,"minecraft:talked_to_villager":5,"minecraft:fly_one_cm":298619,"minecraft:player_kills":13,"minecraft:open_chest":4,"minecraft:crouch_one_cm":5114,"minecraft:play_time":111893,"minecraft:deaths":69,"minecraft:sneak_time":3550,"minecraft:walk_under_water_one_cm":66,"minecraft:jump":2182,"minecraft:walk_on_water_one_cm":849,"minecraft:total_world_time":111893,"minecraft:fall_one_cm":69083},"minecraft:dropped":{"minecraft:iron_ingot":21,"minecraft:spruce_sign":2,"minecraft:diamond":5,"minecraft:crafting_table":1,"minecraft:cobblestone":10,"minecraft:villager_spawn_egg":1,"minecraft:stick":2,"minecraft:mace":1,"minecraft:spruce_planks":17,"minecraft:gold_ingot":8},"minecraft:killed_by":{"minecraft:player":33,"minecraft:zombie":7},"minecraft:used":{"minecraft:spruce_slab":1,"minecraft:stone_pickaxe":62,"minecraft:ender_pearl":1,"minecraft:chest":8,"minecraft:spruce_planks":21,"minecraft:wooden_pickaxe":14,"minecraft:spruce_sign":7,"minecraft:diamond_axe":320,"minecraft:cobblestone_slab":1,"minecraft:rotten_flesh":3,"minecraft:dirt":3,"minecraft:crafting_table":3,"minecraft:stripped_spruce_log":2,"minecraft:wooden_axe":19,"minecraft:mace":5,"minecraft:spruce_sapling":2,"minecraft:stone_axe":79,"minecraft:cobblestone":80,"minecraft:cobbled_deepslate":4},"minecraft:broken":{"minecraft:golden_helmet":1,"minecraft:golden_boots":1,"minecraft:stone_axe":1},"minecraft:mined":{"minecraft:podzol":2,"minecraft:spruce_planks":41,"minecraft:cherry_planks":1,"minecraft:crafting_table":4,"minecraft:torch":1,"minecraft:chest":9,"minecraft:cobblestone":7,"minecraft:spruce_leaves":36,"minecraft:wall_torch":1,"minecraft:spruce_sign":2,"minecraft:spruce_sapling":2,"minecraft:carrots":16,"minecraft:cobbled_deepslate":4,"minecraft:spruce_log":164,"minecraft:stripped_spruce_log":2,"minecraft:potatoes":15,"minecraft:cobblestone_slab":1,"minecraft:spruce_wood":1,"minecraft:acacia_planks":1,"minecraft:stone":37,"minecraft:spruce_slab":20},"minecraft:crafted":{"minecraft:spruce_sign":6,"minecraft:diamond_axe":1,"minecraft:spruce_planks":132,"minecraft:wooden_pickaxe":1,"minecraft:stone_axe":1,"minecraft:diamond_leggings":1,"minecraft:iron_chestplate":1,"minecraft:diamond_pickaxe":1,"minecraft:stick":16,"minecraft:stone_pickaxe":1,"minecraft:wooden_axe":1,"minecraft:golden_helmet":1,"minecraft:golden_boots":1},"minecraft:picked_up":{"minecraft:crafting_table":4,"minecraft:potato":16,"minecraft:dirt":3,"minecraft:cobbled_deepslate":4,"minecraft:spruce_planks":43,"minecraft:spruce_wood":1,"minecraft:iron_ingot":29,"minecraft:cobblestone_slab":1,"minecraft:spruce_slab":7,"minecraft:chest":9,"minecraft:oak_planks":1,"minecraft:stick":6,"minecraft:torch":1,"minecraft:villager_spawn_egg":1,"minecraft:mace":1,"minecraft:stripped_spruce_log":2,"minecraft:spruce_sapling":20,"minecraft:carrot":18,"minecraft:spruce_log":162,"minecraft:rotten_flesh":14,"minecraft:diamond":18,"minecraft:spruce_sign":3,"minecraft:gold_ingot":23,"minecraft:emerald":4,"minecraft:cobblestone":96,"minecraft:ender_pearl":1},"minecraft:killed":{"minecraft:zombie":12,"minecraft:enderman":1}},"DataVersion":3953}