{"stats":{"minecraft:custom":{"minecraft:animals_bred":6,"minecraft:interact_with_crafting_table":114,"minecraft:open_barrel":9,"minecraft:leave_game":5,"minecraft:time_since_death":852,"minecraft:sprint_one_cm":1582492,"minecraft:damage_blocked_by_shield":3563,"minecraft:drop":104,"minecraft:talked_to_villager":104,"minecraft:play_time":658128,"minecraft:deaths":96,"minecraft:jump":8279,"minecraft:walk_on_water_one_cm":40561,"minecraft:interact_with_furnace":250,"minecraft:traded_with_villager":69,"minecraft:sleep_in_bed":2,"minecraft:damage_dealt":35510,"minecraft:player_kills":2,"minecraft:crouch_one_cm":160726,"minecraft:use_cauldron":6,"minecraft:interact_with_smithing_table":1,"minecraft:mob_kills":184,"minecraft:climb_one_cm":4948,"minecraft:walk_one_cm":2114369,"minecraft:sneak_time":48086,"minecraft:walk_under_water_one_cm":29520,"minecraft:boat_one_cm":9307,"minecraft:interact_with_blast_furnace":1,"minecraft:total_world_time":658128,"minecraft:interact_with_stonecutter":3,"minecraft:time_since_rest":883,"minecraft:damage_taken":47520,"minecraft:swim_one_cm":11812,"minecraft:fly_one_cm":1481439,"minecraft:open_chest":332,"minecraft:fall_one_cm":392551},"minecraft:killed_by":{"minecraft:zombie":1,"minecraft:player":3,"minecraft:stray":1,"minecraft:enderman":1},"minecraft:broken":{"minecraft:stone_pickaxe":1,"minecraft:stone_axe":3,"minecraft:stone_sword":1,"minecraft:stone_hoe":1,"minecraft:iron_axe":3,"minecraft:iron_pickaxe":5,"minecraft:iron_helmet":1},"minecraft:used":{"minecraft:iron_shovel":145,"minecraft:ladder":8,"minecraft:decorated_pot":4,"minecraft:chest":5,"minecraft:shield":70,"minecraft:stone":3,"minecraft:rotten_flesh":19,"minecraft:carrot":96,"minecraft:acacia_sapling":15,"minecraft:snowball":7,"minecraft:spruce_boat":9,"minecraft:glass":9,"minecraft:lava_bucket":25,"minecraft:warped_nylium":1,"minecraft:furnace":8,"minecraft:gray_banner":1,"minecraft:potato":14,"minecraft:spruce_door":2,"minecraft:stone_pickaxe":285,"minecraft:chorus_fruit":11,"minecraft:blackstone":8,"minecraft:sugar_cane":62,"minecraft:sand":3,"minecraft:blast_furnace":1,"minecraft:light_gray_terracotta":2,"minecraft:crossbow":57,"minecraft:end_stone":5,"minecraft:cherry_sign":2,"minecraft:nether_wart_block":6,"minecraft:smithing_table":1,"minecraft:air":11,"minecraft:oak_fence":2,"minecraft:stone_sword":287,"minecraft:acacia_log":4,"minecraft:stone_shovel":80,"minecraft:spruce_planks":337,"minecraft:stone_hoe":87,"minecraft:netherrack":187,"minecraft:torch":7,"minecraft:dirt":222,"minecraft:spyglass":252,"minecraft:spruce_fence":132,"minecraft:shroomlight":1,"minecraft:iron_axe":563,"minecraft:acacia_slab":3,"minecraft:basalt":39,"minecraft:cooked_beef":36,"minecraft:acacia_planks":7,"minecraft:pointed_dripstone":14,"minecraft:crimson_stem":12,"minecraft:calcite":1,"minecraft:wheat_seeds":38,"minecraft:water_bucket":98,"minecraft:yellow_banner":1,"minecraft:amethyst_block":10,"minecraft:glass_bottle":11,"minecraft:cauldron":2,"minecraft:spruce_sign":3,"minecraft:stonecutter":1,"minecraft:cobblestone_slab":1075,"minecraft:spruce_fence_gate":1,"minecraft:warped_roots":1,"minecraft:mossy_cobblestone":2,"minecraft:rail":1,"minecraft:terracotta":2,"minecraft:crafting_table":20,"minecraft:red_mushroom":1,"minecraft:white_bed":1,"minecraft:smoker":1,"minecraft:spruce_log":3,"minecraft:diamond_pickaxe":487,"minecraft:acacia_sign":1,"minecraft:iron_pickaxe":1101,"minecraft:spruce_sapling":24,"minecraft:stone_axe":318,"minecraft:cobblestone":412,"minecraft:potion":11,"minecraft:cooked_porkchop":2,"minecraft:bucket":129},"minecraft:picked_up":{"minecraft:wheat":15,"minecraft:potion":5,"minecraft:golden_sword":5,"minecraft:amethyst_block":19,"minecraft:string":6,"minecraft:shroomlight":1,"minecraft:gold_nugget":218,"minecraft:spruce_planks":47,"minecraft:acacia_sign":4,"minecraft:cobblestone_slab":314,"minecraft:calcite":1,"minecraft:furnace":4,"minecraft:stick":44,"minecraft:acacia_fence":5,"minecraft:oak_fence":2,"minecraft:torch":12,"minecraft:acacia_log":46,"minecraft:porkchop":2,"minecraft:cherry_log":2,"minecraft:pointed_dripstone":7,"minecraft:yellow_banner":1,"minecraft:stone_sword":1,"minecraft:cactus":2,"minecraft:rotten_flesh":48,"minecraft:obsidian":17,"minecraft:snowball":7,"minecraft:cobblestone":1121,"minecraft:pink_petals":11,"minecraft:cooked_beef":1,"minecraft:cherry_planks":1,"minecraft:potato":34,"minecraft:danger_pottery_sherd":3,"minecraft:dirt":213,"minecraft:twisting_vines":2,"minecraft:bone":12,"minecraft:acacia_planks":9,"minecraft:bow":1,"minecraft:wheat_seeds":56,"minecraft:raw_gold":11,"minecraft:fletching_table":1,"minecraft:poisonous_potato":1,"minecraft:sand":69,"minecraft:mossy_cobblestone":2,"minecraft:light_gray_terracotta":2,"minecraft:diamond":18,"minecraft:spruce_boat":8,"minecraft:crossbow":1,"minecraft:spruce_sign":1,"minecraft:bread":1,"minecraft:netherrack":190,"minecraft:chorus_fruit":11,"minecraft:crimson_roots":2,"minecraft:shelter_pottery_sherd":1,"minecraft:mud":1,"minecraft:fishing_rod":1,"minecraft:crafting_table":21,"minecraft:ladder":4,"minecraft:clay_ball":288,"minecraft:iron_axe":2,"minecraft:blackstone":8,"minecraft:beef":95,"minecraft:spruce_slab":6,"minecraft:light_gray_wool":2,"minecraft:sugar_cane":270,"minecraft:chest":3,"minecraft:end_stone":14,"minecraft:spruce_fence":44,"minecraft:carrot":206,"minecraft:dark_oak_planks":2,"minecraft:howl_pottery_sherd":1,"minecraft:arrow":20,"minecraft:decorated_pot":5,"minecraft:gold_ingot":3,"minecraft:mutton":2,"minecraft:rail":1,"minecraft:basalt":40,"minecraft:crimson_stem":33,"minecraft:burn_pottery_sherd":2,"minecraft:leather":47,"minecraft:red_mushroom":1,"minecraft:lily_pad":3,"minecraft:ancient_debris":1,"minecraft:nether_wart_block":7,"minecraft:kelp":2,"minecraft:warped_stem":5,"minecraft:iron_ingot":18,"minecraft:cherry_sign":2,"minecraft:acacia_sapling":15,"minecraft:warped_fungus":1,"minecraft:quartz":12,"minecraft:amethyst_shard":118,"minecraft:prize_pottery_sherd":1,"minecraft:spruce_sapling":47,"minecraft:white_bed":1,"minecraft:spruce_log":416,"minecraft:spruce_door":1,"minecraft:archer_pottery_sherd":1,"minecraft:gray_banner":1,"minecraft:cherry_sapling":1,"minecraft:warped_roots":5,"minecraft:terracotta":2,"minecraft:baked_potato":1,"minecraft:acacia_slab":3,"minecraft:warped_nylium":1,"minecraft:coal":21,"minecraft:ender_pearl":22},"minecraft:mined":{"minecraft:dark_oak_planks":2,"minecraft:spruce_planks":44,"minecraft:white_bed":1,"minecraft:obsidian":17,"minecraft:budding_amethyst":10,"minecraft:acacia_log":45,"minecraft:grass_block":97,"minecraft:infested_cobblestone":1,"minecraft:gray_banner":1,"minecraft:oxeye_daisy":1,"minecraft:weeping_vines_plant":1,"minecraft:fletching_table":1,"minecraft:pointed_dripstone":6,"minecraft:small_amethyst_bud":3,"minecraft:spruce_slab":2,"minecraft:blackstone":8,"minecraft:crimson_nylium":10,"minecraft:medium_amethyst_bud":1,"minecraft:amethyst_cluster":20,"minecraft:light_gray_terracotta":2,"minecraft:clay":80,"minecraft:torch":7,"minecraft:calcite":1,"minecraft:chest":3,"minecraft:spruce_wall_sign":1,"minecraft:nether_quartz_ore":12,"minecraft:cobblestone":850,"minecraft:sugar_cane":140,"minecraft:wall_torch":1,"minecraft:amethyst_block":11,"minecraft:seagrass":4,"minecraft:warped_nylium":34,"minecraft:acacia_sapling":5,"minecraft:mud":1,"minecraft:nether_wart_block":7,"minecraft:wheat":27,"minecraft:blue_ice":2,"minecraft:acacia_fence":2,"minecraft:sand":69,"minecraft:dirt":127,"minecraft:acacia_sign":3,"minecraft:ancient_debris":1,"minecraft:netherrack":158,"minecraft:nether_gold_ore":48,"minecraft:yellow_wall_banner":1,"minecraft:mossy_cobblestone":2,"minecraft:end_stone":14,"minecraft:ladder":4,"minecraft:spruce_fence":44,"minecraft:decorated_pot":7,"minecraft:jungle_planks":1,"minecraft:spruce_leaves":184,"minecraft:kelp":2,"minecraft:red_mushroom":1,"minecraft:crimson_stem":33,"minecraft:cherry_wall_sign":2,"minecraft:spruce_sapling":12,"minecraft:furnace":4,"minecraft:carrots":69,"minecraft:nether_sprouts":3,"minecraft:potatoes":13,"minecraft:shroomlight":1,"minecraft:cobblestone_slab":236,"minecraft:rail":1,"minecraft:warped_stem":5,"minecraft:stripped_acacia_log":1,"minecraft:packed_ice":2,"minecraft:stone":351,"minecraft:acacia_leaves":36,"minecraft:cherry_planks":1,"minecraft:basalt":41,"minecraft:spruce_door":1,"minecraft:oak_fence":2,"minecraft:crafting_table":20,"minecraft:short_grass":1,"minecraft:warped_roots":1,"minecraft:ice":6,"minecraft:spruce_log":402,"minecraft:bee_nest":1,"minecraft:mycelium":1,"minecraft:terracotta":2,"minecraft:acacia_planks":6,"minecraft:cherry_sign":1,"minecraft:gold_ore":11,"minecraft:acacia_wall_sign":1},"minecraft:crafted":{"minecraft:smooth_stone":6,"minecraft:cobblestone_slab":742,"minecraft:stone":282,"minecraft:bookshelf":9,"minecraft:warped_planks":20,"minecraft:glass":29,"minecraft:iron_boots":3,"minecraft:chest":3,"minecraft:prismarine_shard":24,"minecraft:stone_hoe":1,"minecraft:prismarine_crystals":32,"minecraft:smoker":1,"minecraft:glass_bottle":15,"minecraft:arrow":32,"minecraft:emerald":43,"minecraft:cauldron":2,"minecraft:cooked_porkchop":2,"minecraft:crafting_table":3,"minecraft:spruce_planks":1376,"minecraft:iron_helmet":2,"minecraft:spruce_door":3,"minecraft:smithing_table":1,"minecraft:copper_ingot":4,"minecraft:iron_chestplate":2,"minecraft:book":28,"minecraft:paper":84,"minecraft:diamond_pickaxe":1,"minecraft:shield":3,"minecraft:stick":1592,"minecraft:iron_ingot":216,"minecraft:iron_pickaxe":4,"minecraft:stone_sword":3,"minecraft:gold_ingot":52,"minecraft:spruce_fence_gate":1,"minecraft:cherry_planks":44,"minecraft:stone_shovel":1,"minecraft:spyglass":1,"minecraft:blast_furnace":1,"minecraft:furnace":6,"minecraft:spruce_fence":96,"minecraft:diamond":8,"minecraft:iron_axe":4,"minecraft:ladder":6,"minecraft:stone_pickaxe":3,"minecraft:spruce_boat":2,"minecraft:cooked_beef":52,"minecraft:sugar":21,"minecraft:crimson_planks":84,"minecraft:spruce_sign":3,"minecraft:enchanting_table":1,"minecraft:bucket":6,"minecraft:stone_axe":2,"minecraft:air":0,"minecraft:iron_shovel":2,"minecraft:iron_leggings":3,"minecraft:stonecutter":1,"minecraft:acacia_planks":68},"minecraft:killed":{"minecraft:zombified_piglin":43,"minecraft:spider":4,"minecraft:skeleton":10,"minecraft:magma_cube":12,"minecraft:piglin":1,"minecraft:pig":1,"minecraft:creeper":4,"minecraft:sheep":1,"minecraft:zombie":21,"minecraft:mooshroom":44,"minecraft:stray":1,"minecraft:ghast":1,"minecraft:cow":1,"minecraft:slime":2,"minecraft:husk":1,"minecraft:enderman":32},"minecraft:dropped":{"minecraft:warped_fungus":1,"minecraft:cooked_beef":1,"minecraft:baked_potato":1,"minecraft:crafting_table":1,"minecraft:decorated_pot":1,"minecraft:warped_roots":4,"minecraft:archer_pottery_sherd":1,"minecraft:dirt":10,"minecraft:mutton":2,"minecraft:crimson_roots":2,"minecraft:gold_nugget":13,"minecraft:sand":2,"minecraft:fishing_rod":1,"minecraft:danger_pottery_sherd":3,"minecraft:gold_ingot":1,"minecraft:bone":5,"minecraft:prize_pottery_sherd":1,"minecraft:twisting_vines":2,"minecraft:wheat":2,"minecraft:cherry_sapling":1,"minecraft:rotten_flesh":9,"minecraft:end_stone":9,"minecraft:carrot":2,"minecraft:acacia_sapling":3,"minecraft:spruce_slab":6,"minecraft:basalt":1,"minecraft:netherrack":2,"minecraft:iron_ingot":21,"minecraft:bread":1,"minecraft:shelter_pottery_sherd":1,"minecraft:wheat_seeds":9,"minecraft:poisonous_potato":1,"minecraft:cobblestone":6,"minecraft:amethyst_block":9,"minecraft:burn_pottery_sherd":2,"minecraft:acacia_log":3,"minecraft:nether_wart_block":1,"minecraft:cherry_planks":1,"minecraft:iron_axe":2,"minecraft:mud":1,"minecraft:pink_petals":11,"minecraft:lily_pad":3,"minecraft:acacia_planks":2,"minecraft:spruce_sapling":4,"minecraft:kelp":2,"minecraft:stone_sword":2,"minecraft:raw_copper":3,"minecraft:light_gray_wool":2,"minecraft:cobblestone_slab":12,"minecraft:potato":19,"minecraft:spruce_planks":4,"minecraft:howl_pottery_sherd":1,"minecraft:wooden_pickaxe":1,"minecraft:raw_gold":1}},"DataVersion":3953}