{"stats":{"minecraft:picked_up":{"minecraft:wheat_seeds":2,"minecraft:rooted_dirt":1,"minecraft:dirt":19},"minecraft:used":{"minecraft:dirt":17},"minecraft:mined":{"minecraft:short_grass":4,"minecraft:grass_block":11,"minecraft:red_tulip":1,"minecraft:dirt_path":1,"minecraft:dirt":5,"minecraft:lily_of_the_valley":1,"minecraft:tall_grass":7,"minecraft:rooted_dirt":1},"minecraft:custom":{"minecraft:time_since_rest":2129,"minecraft:play_time":10072,"minecraft:crouch_one_cm":7185,"minecraft:sprint_one_cm":3137,"minecraft:deaths":1,"minecraft:damage_taken":258,"minecraft:walk_one_cm":17939,"minecraft:sneak_time":1479,"minecraft:drop":1,"minecraft:jump":58,"minecraft:damage_dealt":55,"minecraft:leave_game":2,"minecraft:time_since_death":2074,"minecraft:total_world_time":10072,"minecraft:fall_one_cm":1634,"minecraft:fly_one_cm":12943},"minecraft:dropped":{"minecraft:dirt":2}},"DataVersion":3953}