{"stats":{"minecraft:crafted":{"minecraft:spruce_sign":3,"minecraft:crafting_table":1,"minecraft:spruce_planks":16,"minecraft:stick":4,"minecraft:stone_pickaxe":1,"minecraft:wooden_pickaxe":1,"minecraft:stone_sword":1},"minecraft:picked_up":{"minecraft:spruce_sign":1,"minecraft:dirt":2,"minecraft:cobblestone":5},"minecraft:used":{"minecraft:dirt":2,"minecraft:crafting_table":1,"minecraft:wooden_pickaxe":7,"minecraft:spruce_sign":3},"minecraft:mined":{"minecraft:dirt":3,"minecraft:spruce_wall_sign":1,"minecraft:cobblestone":7},"minecraft:custom":{"minecraft:open_barrel":3,"minecraft:time_since_rest":2350,"minecraft:open_chest":9,"minecraft:crouch_one_cm":1764,"minecraft:play_time":15433,"minecraft:sprint_one_cm":41577,"minecraft:walk_one_cm":29005,"minecraft:damage_taken":1024,"minecraft:deaths":4,"minecraft:sneak_time":820,"minecraft:jump":165,"minecraft:damage_dealt":34,"minecraft:leave_game":1,"minecraft:time_since_death":2308,"minecraft:walk_on_water_one_cm":126,"minecraft:total_world_time":15433,"minecraft:climb_one_cm":851,"minecraft:interact_with_crafting_table":4,"minecraft:fall_one_cm":2775,"minecraft:fly_one_cm":41645}},"DataVersion":3953}