{"stats":{"minecraft:custom":{"minecraft:mob_kills":67,"minecraft:interact_with_crafting_table":71,"minecraft:open_barrel":3,"minecraft:leave_game":3,"minecraft:time_since_death":0,"minecraft:climb_one_cm":19281,"minecraft:sprint_one_cm":960606,"minecraft:walk_one_cm":1794745,"minecraft:drop":96,"minecraft:talked_to_villager":21,"minecraft:play_time":781113,"minecraft:deaths":93,"minecraft:sneak_time":138564,"minecraft:walk_under_water_one_cm":10320,"minecraft:jump":6695,"minecraft:walk_on_water_one_cm":88708,"minecraft:total_world_time":781113,"minecraft:interact_with_furnace":20,"minecraft:traded_with_villager":16,"minecraft:time_since_rest":58664,"minecraft:damage_taken":23200,"minecraft:damage_absorbed":80,"minecraft:damage_dealt":13023,"minecraft:swim_one_cm":3260,"minecraft:fly_one_cm":1384621,"minecraft:player_kills":15,"minecraft:open_chest":164,"minecraft:crouch_one_cm":624729,"minecraft:fall_one_cm":138469},"minecraft:killed_by":{"minecraft:player":15,"minecraft:creeper":2,"minecraft:skeleton":2,"minecraft:zombie":9},"minecraft:broken":{"minecraft:stone_pickaxe":1,"minecraft:diamond_pickaxe":2,"minecraft:stone_axe":1,"minecraft:iron_pickaxe":1,"minecraft:wooden_axe":1},"minecraft:picked_up":{"minecraft:cocoa_beans":6,"minecraft:crafting_table":9,"minecraft:allium":1,"minecraft:ladder":1,"minecraft:enchanted_book":1,"minecraft:soul_soil":1,"minecraft:moss_carpet":5,"minecraft:string":8,"minecraft:diamond_leggings":1,"minecraft:cobbled_deepslate":25,"minecraft:bucket":2,"minecraft:spruce_planks":145,"minecraft:azalea":3,"minecraft:cobblestone_slab":757,"minecraft:jungle_sapling":8,"minecraft:spruce_slab":190,"minecraft:iron_pickaxe":1,"minecraft:melon_slice":10,"minecraft:chest":7,"minecraft:furnace":3,"minecraft:stick":93,"minecraft:raw_iron":7,"minecraft:torch":40,"minecraft:spruce_fence":172,"minecraft:cherry_log":200,"minecraft:carrot":4,"minecraft:rotten_flesh":31,"minecraft:arrow":6,"minecraft:cactus":2,"minecraft:tropical_fish":1,"minecraft:red_tulip":1,"minecraft:gold_ingot":114,"minecraft:glow_berries":2,"minecraft:snowball":34,"minecraft:cobblestone":4543,"minecraft:pink_petals":123,"minecraft:cherry_planks":20,"minecraft:glow_ink_sac":19,"minecraft:jungle_log":67,"minecraft:potato":136,"minecraft:tuff":3,"minecraft:cobblestone_wall":120,"minecraft:cherry_fence":389,"minecraft:gunpowder":5,"minecraft:cobblestone_stairs":62,"minecraft:dirt":1557,"minecraft:bone":8,"minecraft:acacia_planks":10,"minecraft:kelp":1,"minecraft:bow":3,"minecraft:wheat_seeds":31,"minecraft:spore_blossom":1,"minecraft:iron_ingot":21,"minecraft:cherry_sign":4,"minecraft:diamond_helmet":1,"minecraft:bamboo":24,"minecraft:moss_block":24,"minecraft:oak_planks":1,"minecraft:flowering_azalea":1,"minecraft:poisonous_potato":1,"minecraft:lava_bucket":2,"minecraft:jungle_planks":4,"minecraft:stripped_spruce_log":3,"minecraft:spruce_sapling":32,"minecraft:spruce_log":3073,"minecraft:red_terracotta":1,"minecraft:jungle_slab":16,"minecraft:spider_eye":3,"minecraft:diamond_shovel":1,"minecraft:slime_ball":23,"minecraft:diamond":150,"minecraft:soul_lantern":3,"minecraft:diamond_axe":1,"minecraft:cherry_sapling":33,"minecraft:white_concrete":5,"minecraft:spruce_sign":17,"minecraft:acacia_slab":2,"minecraft:cherry_slab":53,"minecraft:netherrack":1,"minecraft:coal":1,"minecraft:diamond_pickaxe":1},"minecraft:used":{"minecraft:azalea":1,"minecraft:moss_block":23,"minecraft:orange_concrete":6,"minecraft:spruce_slab":3105,"minecraft:ladder":1,"minecraft:chest":11,"minecraft:spruce_planks":23,"minecraft:rotten_flesh":13,"minecraft:torch":136,"minecraft:dirt":1824,"minecraft:cobblestone_wall":158,"minecraft:jungle_planks":1,"minecraft:jungle_slab":458,"minecraft:tuff":2,"minecraft:spruce_fence":493,"minecraft:snowball":32,"minecraft:wooden_axe":60,"minecraft:lava_bucket":1,"minecraft:cherry_slab":59,"minecraft:totem_of_undying":1,"minecraft:bow":5,"minecraft:furnace":4,"minecraft:potato":36,"minecraft:cherry_fence":252,"minecraft:cherry_log":17,"minecraft:water_bucket":2,"minecraft:cobblestone_stairs":34,"minecraft:stone_pickaxe":129,"minecraft:wooden_pickaxe":29,"minecraft:cherry_planks":6,"minecraft:spruce_sign":14,"minecraft:glow_ink_sac":3,"minecraft:diamond_axe":2891,"minecraft:cobblestone_slab":1633,"minecraft:crafting_table":11,"minecraft:spruce_log":46,"minecraft:diamond_pickaxe":5388,"minecraft:diamond_shovel":693,"minecraft:iron_pickaxe":250,"minecraft:cherry_sign":6,"minecraft:soul_lantern":3,"minecraft:stone_axe":129,"minecraft:diamond_sword":81,"minecraft:cobblestone":155,"minecraft:bucket":3,"minecraft:white_concrete":5},"minecraft:mined":{"minecraft:diamond_ore":75,"minecraft:tuff":3,"minecraft:spruce_planks":70,"minecraft:jungle_slab":100,"minecraft:sculk_vein":1,"minecraft:cobblestone_stairs":2,"minecraft:cherry_log":128,"minecraft:jungle_leaves":34,"minecraft:glow_lichen":1,"minecraft:ladder":1,"minecraft:allium":1,"minecraft:grass_block":315,"minecraft:spruce_fence":169,"minecraft:jungle_log":68,"minecraft:white_concrete":6,"minecraft:soul_soil":10,"minecraft:spruce_leaves":81,"minecraft:acacia_slab":1,"minecraft:kelp":1,"minecraft:moss_block":37,"minecraft:cherry_wall_sign":1,"minecraft:large_fern":7,"minecraft:spore_blossom":1,"minecraft:furnace":3,"minecraft:iron_ore":1,"minecraft:cobbled_deepslate":12,"minecraft:stripped_spruce_log":3,"minecraft:moss_carpet":1,"minecraft:twisting_vines":1,"minecraft:potatoes":31,"minecraft:cobblestone_slab":424,"minecraft:deepslate_iron_ore":6,"minecraft:vine":9,"minecraft:bamboo":2,"minecraft:azalea":2,"minecraft:stone":835,"minecraft:spruce_slab":104,"minecraft:cherry_planks":8,"minecraft:soul_lantern":2,"minecraft:basalt":19,"minecraft:clay":13,"minecraft:crafting_table":6,"minecraft:torch":45,"minecraft:short_grass":33,"minecraft:melon":1,"minecraft:chest":7,"minecraft:spruce_wall_sign":5,"minecraft:tall_grass":21,"minecraft:cobblestone":4186,"minecraft:oak_planks":1,"minecraft:spruce_sign":5,"minecraft:cherry_slab":122,"minecraft:pink_petals":16,"minecraft:seagrass":1,"minecraft:cherry_fence":252,"minecraft:red_terracotta":1,"minecraft:cobblestone_wall":131,"minecraft:spruce_log":1805,"minecraft:yellow_stained_glass_pane":1,"minecraft:cherry_leaves":130,"minecraft:dirt":470,"minecraft:acacia_planks":6,"minecraft:netherrack":13,"minecraft:deepslate":13},"minecraft:crafted":{"minecraft:cherry_planks":362,"minecraft:cobblestone_slab":1668,"minecraft:cherry_slab":24,"minecraft:furnace":2,"minecraft:stone":64,"minecraft:cobblestone_stairs":92,"minecraft:diamond_shovel":1,"minecraft:spruce_fence":345,"minecraft:diamond_helmet":1,"minecraft:diamond_leggings":1,"minecraft:spruce_slab":3082,"minecraft:stone_pickaxe":1,"minecraft:cobblestone_wall":12,"minecraft:chest":4,"minecraft:diamond_boots":1,"minecraft:cherry_fence":192,"minecraft:diamond_sword":1,"minecraft:spruce_sign":3,"minecraft:diamond_axe":3,"minecraft:crafting_table":2,"minecraft:spruce_planks":2136,"minecraft:wooden_pickaxe":1,"minecraft:dirt":960,"minecraft:bucket":2,"minecraft:stone_axe":1,"minecraft:jungle_slab":456,"minecraft:air":0,"minecraft:jungle_planks":268,"minecraft:diamond_pickaxe":4,"minecraft:charcoal":64,"minecraft:cherry_sign":6,"minecraft:stick":460,"minecraft:iron_ingot":39,"minecraft:wooden_axe":1,"minecraft:torch":140,"minecraft:diamond_chestplate":1},"minecraft:killed":{"minecraft:spider":6,"minecraft:slime":23,"minecraft:skeleton":4,"minecraft:husk":2,"minecraft:zombie_villager":1,"minecraft:zombie":18,"minecraft:glow_squid":7},"minecraft:dropped":{"minecraft:spruce_sign":3,"minecraft:wheat_seeds":11,"minecraft:diamond_axe":1,"minecraft:cherry_log":34,"minecraft:diamond":3,"minecraft:spore_blossom":1,"minecraft:poisonous_potato":1,"minecraft:cobblestone":294,"minecraft:shaper_armor_trim_smithing_template":1,"minecraft:jungle_planks":1,"minecraft:tropical_fish":1,"minecraft:stick":57,"minecraft:jungle_slab":14,"minecraft:dirt":194,"minecraft:cherry_planks":4,"minecraft:snowball":2,"minecraft:flowering_azalea":1,"minecraft:sand":3,"minecraft:pink_petals":123,"minecraft:acacia_planks":5,"minecraft:gold_ingot":38,"minecraft:furnace":1,"minecraft:moss_carpet":5,"minecraft:kelp":1,"minecraft:cobblestone_wall":1,"minecraft:cobbled_deepslate":22,"minecraft:cocoa_beans":6,"minecraft:tuff":1,"minecraft:cherry_sapling":11,"minecraft:wayfinder_armor_trim_smithing_template":1,"minecraft:rotten_flesh":1,"minecraft:oak_planks":1,"minecraft:cherry_slab":18,"minecraft:spruce_fence":22,"minecraft:cobblestone_slab":711,"minecraft:gunpowder":2,"minecraft:allium":1,"minecraft:spruce_planks":3,"minecraft:acacia_slab":1,"minecraft:azalea":2,"minecraft:spider_eye":1,"minecraft:spruce_slab":23,"minecraft:bow":1,"minecraft:wooden_pickaxe":1,"minecraft:red_tulip":1,"minecraft:netherrack":1}},"DataVersion":3953}