{"stats":{"minecraft:custom":{"minecraft:time_since_rest":70,"minecraft:crouch_one_cm":994,"minecraft:play_time":27379,"minecraft:sprint_one_cm":49658,"minecraft:deaths":21,"minecraft:damage_taken":5453,"minecraft:walk_one_cm":89410,"minecraft:sneak_time":457,"minecraft:mob_kills":2,"minecraft:jump":535,"minecraft:damage_dealt":3600,"minecraft:leave_game":5,"minecraft:time_since_death":0,"minecraft:total_world_time":27379,"minecraft:talked_to_villager":3,"minecraft:interact_with_crafting_table":2,"minecraft:fall_one_cm":4058,"minecraft:fly_one_cm":89824,"minecraft:player_kills":9},"minecraft:mined":{"minecraft:cobblestone":6,"minecraft:spruce_log":6},"minecraft:killed_by":{"minecraft:zombie":2,"minecraft:player":15},"minecraft:used":{"minecraft:stone_sword":99,"minecraft:cobblestone":1,"minecraft:spruce_planks":1,"minecraft:wooden_pickaxe":6},"minecraft:crafted":{"minecraft:stone_sword":1,"minecraft:crafting_table":1,"minecraft:spruce_planks":24,"minecraft:stick":8,"minecraft:wooden_pickaxe":1,"minecraft:stone_pickaxe":1,"minecraft:wooden_axe":1},"minecraft:picked_up":{"minecraft:rotten_flesh":2,"minecraft:spruce_log":6,"minecraft:cobblestone":6},"minecraft:killed":{"minecraft:zombie":2}},"DataVersion":3953}