{"stats":{"minecraft:custom":{"minecraft:time_since_rest":7351,"minecraft:interact_with_furnace":8,"minecraft:sprint_one_cm":58301,"minecraft:damage_taken":1224,"minecraft:walk_one_cm":112464,"minecraft:mob_kills":3,"minecraft:drop":2,"minecraft:damage_dealt":443,"minecraft:talked_to_villager":3,"minecraft:interact_with_crafting_table":7,"minecraft:fly_one_cm":39518,"minecraft:open_barrel":1,"minecraft:open_chest":1,"minecraft:crouch_one_cm":1898,"minecraft:play_time":26172,"minecraft:deaths":5,"minecraft:sneak_time":1102,"minecraft:walk_under_water_one_cm":1775,"minecraft:jump":308,"minecraft:leave_game":2,"minecraft:time_since_death":7318,"minecraft:walk_on_water_one_cm":1225,"minecraft:total_world_time":26172,"minecraft:climb_one_cm":515,"minecraft:fall_one_cm":8083},"minecraft:killed_by":{"minecraft:player":1,"minecraft:zombie":1},"minecraft:used":{"minecraft:stone_sword":11,"minecraft:chest":2,"minecraft:wooden_pickaxe":17,"minecraft:cherry_planks":1,"minecraft:netherrack":4,"minecraft:stone_axe":14,"minecraft:crafting_table":5,"minecraft:furnace":1,"minecraft:potato":8},"minecraft:picked_up":{"minecraft:crafting_table":5,"minecraft:potato":27,"minecraft:cherry_log":7,"minecraft:spruce_log":12,"minecraft:string":2,"minecraft:netherrack":4,"minecraft:coal":1,"minecraft:cobblestone":16},"minecraft:mined":{"minecraft:cherry_log":7,"minecraft:sculk_vein":1,"minecraft:spruce_log":12,"minecraft:crafting_table":5,"minecraft:potatoes":8,"minecraft:coal_ore":1,"minecraft:stone":16,"minecraft:sculk":15},"minecraft:crafted":{"minecraft:cherry_planks":28,"minecraft:charcoal":12,"minecraft:stick":8,"minecraft:wooden_pickaxe":1,"minecraft:stone_pickaxe":1,"minecraft:stone_sword":1,"minecraft:chest":2,"minecraft:furnace":1,"minecraft:stone_axe":1,"minecraft:air":0},"minecraft:dropped":{"minecraft:string":2},"minecraft:killed":{"minecraft:spider":2}},"DataVersion":3953}