{"stats":{"minecraft:used":{"minecraft:dirt":5,"minecraft:cherry_planks":5,"minecraft:acacia_planks":1,"minecraft:warped_planks":1},"minecraft:picked_up":{"minecraft:cherry_planks":5,"minecraft:rotten_flesh":6,"minecraft:acacia_planks":3,"minecraft:cobblestone_slab":1,"minecraft:gunpowder":2,"minecraft:warped_planks":1,"minecraft:moss_block":1,"minecraft:dirt":5},"minecraft:mined":{"minecraft:dirt":4,"minecraft:red_mushroom_block":1,"minecraft:moss_block":1},"minecraft:killed_by":{"minecraft:skeleton":2,"minecraft:spider":1,"minecraft:player":4},"minecraft:custom":{"minecraft:time_since_rest":980,"minecraft:crouch_one_cm":1246,"minecraft:play_time":61741,"minecraft:sprint_one_cm":51979,"minecraft:damage_taken":7304,"minecraft:walk_one_cm":174624,"minecraft:deaths":29,"minecraft:sneak_time":601,"minecraft:walk_under_water_one_cm":7964,"minecraft:mob_kills":2,"minecraft:drop":9,"minecraft:jump":827,"minecraft:damage_dealt":339,"minecraft:leave_game":3,"minecraft:walk_on_water_one_cm":1764,"minecraft:time_since_death":729,"minecraft:total_world_time":61741,"minecraft:climb_one_cm":6011,"minecraft:fall_one_cm":33527,"minecraft:fly_one_cm":122744},"minecraft:dropped":{"minecraft:rotten_flesh":6,"minecraft:moss_block":1,"minecraft:cobblestone_slab":1,"minecraft:gunpowder":2}},"DataVersion":3953}