{"stats":{"minecraft:crafted":{"minecraft:stone_axe":1},"minecraft:picked_up":{"minecraft:pink_petals":3,"minecraft:torch":1,"minecraft:cobblestone_stairs":3,"minecraft:moss_carpet":4,"minecraft:dirt":19,"minecraft:acacia_planks":5,"minecraft:tropical_fish":2,"minecraft:cobbled_deepslate":3,"minecraft:moss_block":57,"minecraft:glow_berries":1,"minecraft:cobblestone":25},"minecraft:used":{"minecraft:moss_block":39,"minecraft:moss_carpet":2,"minecraft:stone_sword":82,"minecraft:cobblestone_stairs":2,"minecraft:stone_pickaxe":62,"minecraft:stone_axe":17,"minecraft:torch":1,"minecraft:dirt":18,"minecraft:cobblestone":22,"minecraft:acacia_planks":5},"minecraft:mined":{"minecraft:pink_petals":1,"minecraft:cobblestone_stairs":5,"minecraft:moss_carpet":3,"minecraft:torch":1,"minecraft:cave_vines_plant":1,"minecraft:grass_block":2,"minecraft:cave_vines":2,"minecraft:dirt":45,"minecraft:cobblestone":9,"minecraft:acacia_planks":10,"minecraft:stone":38,"minecraft:moss_block":80,"minecraft:rooted_dirt":1,"minecraft:deepslate":8},"minecraft:killed_by":{"minecraft:player":17},"minecraft:custom":{"minecraft:time_since_rest":1221,"minecraft:sprint_one_cm":48919,"minecraft:damage_taken":10138,"minecraft:walk_one_cm":84886,"minecraft:mob_kills":2,"minecraft:drop":3,"minecraft:damage_dealt":2371,"minecraft:swim_one_cm":1195,"minecraft:interact_with_crafting_table":1,"minecraft:fly_one_cm":73824,"minecraft:player_kills":8,"minecraft:open_chest":3,"minecraft:crouch_one_cm":18013,"minecraft:play_time":35345,"minecraft:deaths":39,"minecraft:sneak_time":6584,"minecraft:walk_under_water_one_cm":9245,"minecraft:jump":624,"minecraft:leave_game":2,"minecraft:walk_on_water_one_cm":8992,"minecraft:time_since_death":1189,"minecraft:climb_one_cm":236,"minecraft:total_world_time":35345,"minecraft:fall_one_cm":24089},"minecraft:killed":{"minecraft:tropical_fish":2},"minecraft:dropped":{"minecraft:pink_petals":3}},"DataVersion":3953}