{"stats":{"minecraft:crafted":{"minecraft:cherry_planks":56,"minecraft:crafting_table":1,"minecraft:stick":24,"minecraft:wooden_pickaxe":1,"minecraft:stone_pickaxe":1,"minecraft:bowl":8,"minecraft:mushroom_stew":4,"minecraft:torch":24,"minecraft:stone_axe":1},"minecraft:used":{"minecraft:stone_pickaxe":33,"minecraft:wooden_pickaxe":17,"minecraft:brown_mushroom":2,"minecraft:torch":4,"minecraft:stone_axe":53,"minecraft:dirt":5,"minecraft:cobblestone":6,"minecraft:crafting_table":2,"minecraft:mushroom_stew":1,"minecraft:beetroot_seeds":2},"minecraft:picked_up":{"minecraft:pink_petals":4,"minecraft:crafting_table":1,"minecraft:black_terracotta":8,"minecraft:basalt":1,"minecraft:brown_mushroom":6,"minecraft:torch":1,"minecraft:dandelion":1,"minecraft:red_mushroom":6,"minecraft:cherry_log":14,"minecraft:lapis_lazuli":5,"minecraft:dirt":41,"minecraft:light_gray_terracotta":3,"minecraft:bone":1,"minecraft:beetroot":1,"minecraft:tropical_fish":1,"minecraft:beetroot_seeds":2,"minecraft:wheat_seeds":2,"minecraft:white_terracotta":1,"minecraft:terracotta":4,"minecraft:chest":1,"minecraft:coal":6,"minecraft:cobblestone":20},"minecraft:mined":{"minecraft:pink_petals":2,"minecraft:white_terracotta":1,"minecraft:brown_mushroom":6,"minecraft:black_terracotta":8,"minecraft:wheat":1,"minecraft:cherry_log":16,"minecraft:basalt":1,"minecraft:dandelion":1,"minecraft:bee_nest":1,"minecraft:crafting_table":1,"minecraft:light_gray_terracotta":3,"minecraft:short_grass":10,"minecraft:grass_block":4,"minecraft:coal_ore":6,"minecraft:beetroots":1,"minecraft:chest":1,"minecraft:cherry_leaves":2,"minecraft:dirt":5,"minecraft:tall_grass":4,"minecraft:cobblestone":2,"minecraft:terracotta":4,"minecraft:red_mushroom_block":9,"minecraft:lapis_ore":2,"minecraft:stone":20,"minecraft:red_mushroom":2,"minecraft:wall_torch":1},"minecraft:killed_by":{"minecraft:player":3,"minecraft:creeper":1},"minecraft:custom":{"minecraft:time_since_rest":2447,"minecraft:sprint_one_cm":119408,"minecraft:damage_taken":3048,"minecraft:walk_one_cm":132132,"minecraft:drop":1,"minecraft:damage_dealt":480,"minecraft:interact_with_crafting_table":7,"minecraft:swim_one_cm":13253,"minecraft:player_kills":1,"minecraft:talked_to_villager":2,"minecraft:fly_one_cm":32317,"minecraft:open_chest":1,"minecraft:play_time":44231,"minecraft:deaths":12,"minecraft:sneak_time":19,"minecraft:walk_under_water_one_cm":3802,"minecraft:jump":416,"minecraft:sleep_in_bed":1,"minecraft:leave_game":2,"minecraft:time_since_death":2247,"minecraft:walk_on_water_one_cm":4413,"minecraft:total_world_time":44231,"minecraft:fall_one_cm":9736},"minecraft:dropped":{"minecraft:pink_petals":1}},"DataVersion":3953}