{"stats":{"minecraft:crafted":{"minecraft:crafting_table":1,"minecraft:wooden_pickaxe":1,"minecraft:furnace":1,"minecraft:air":0,"minecraft:jungle_planks":36,"minecraft:diamond_pickaxe":1,"minecraft:shield":2,"minecraft:iron_axe":1,"minecraft:stick":12,"minecraft:iron_ingot":9,"minecraft:iron_pickaxe":1,"minecraft:stone_pickaxe":1,"minecraft:wooden_axe":1,"minecraft:decorated_pot":6,"minecraft:gold_ingot":6,"minecraft:acacia_planks":12,"minecraft:golden_helmet":1},"minecraft:used":{"minecraft:moss_block":3,"minecraft:burn_pottery_sherd":1,"minecraft:cherry_sapling":1,"minecraft:acacia_log":1,"minecraft:stone_pickaxe":21,"minecraft:shield":1,"minecraft:decorated_pot":10,"minecraft:chest":1,"minecraft:wooden_pickaxe":19,"minecraft:shelter_pottery_sherd":1,"minecraft:dirt":25,"minecraft:yellow_terracotta":13,"minecraft:crafting_table":5,"minecraft:jungle_planks":17,"minecraft:acacia_sapling":4,"minecraft:purple_banner":1,"minecraft:wooden_axe":37,"minecraft:acacia_stairs":1,"minecraft:lantern":1,"minecraft:iron_axe":37,"minecraft:acacia_slab":5,"minecraft:iron_pickaxe":2,"minecraft:jungle_log":1,"minecraft:blue_banner":1,"minecraft:golden_helmet":1,"minecraft:pink_petals":43,"minecraft:orange_banner":2,"minecraft:furnace":1,"minecraft:acacia_fence":13,"minecraft:acacia_planks":5,"minecraft:skull_pottery_sherd":1},"minecraft:picked_up":{"minecraft:pink_petals":47,"minecraft:shelter_pottery_sherd":2,"minecraft:crafting_table":5,"minecraft:azure_bluet":1,"minecraft:clay_ball":52,"minecraft:jungle_log":10,"minecraft:orange_banner":1,"minecraft:tuff":3,"minecraft:danger_pottery_sherd":2,"minecraft:dirt":32,"minecraft:lantern":1,"minecraft:acacia_planks":10,"minecraft:kelp":9,"minecraft:wheat_seeds":10,"minecraft:orange_tulip":1,"minecraft:gold_nugget":112,"minecraft:cobbled_deepslate":8,"minecraft:spruce_planks":1,"minecraft:jungle_sapling":2,"minecraft:poppy":2,"minecraft:bamboo":1,"minecraft:moss_block":3,"minecraft:chest":1,"minecraft:oak_planks":1,"minecraft:acacia_sapling":6,"minecraft:stick":3,"minecraft:raw_iron":9,"minecraft:acacia_fence":13,"minecraft:torch":1,"minecraft:acacia_log":5,"minecraft:jungle_planks":8,"minecraft:spruce_sapling":2,"minecraft:skull_pottery_sherd":2,"minecraft:cherry_log":15,"minecraft:lily_of_the_valley":1,"minecraft:acacia_stairs":1,"minecraft:mossy_cobblestone":1,"minecraft:howl_pottery_sherd":1,"minecraft:diamond":6,"minecraft:decorated_pot":4,"minecraft:cherry_sapling":1,"minecraft:yellow_terracotta":16,"minecraft:acacia_slab":7,"minecraft:cobblestone":8},"minecraft:mined":{"minecraft:yellow_terracotta":8,"minecraft:acacia_leaves":12,"minecraft:cherry_planks":1,"minecraft:kelp_plant":1,"minecraft:cherry_log":15,"minecraft:jungle_leaves":11,"minecraft:clay":7,"minecraft:crafting_table":5,"minecraft:short_grass":1,"minecraft:acacia_log":1,"minecraft:grass_block":6,"minecraft:decorated_pot":5,"minecraft:poppy":1,"minecraft:jungle_planks":8,"minecraft:chest":1,"minecraft:jungle_log":10,"minecraft:tall_grass":2,"minecraft:cobblestone":7,"minecraft:acacia_slab":6,"minecraft:oak_planks":1,"minecraft:moss_block":2,"minecraft:pink_petals":22,"minecraft:seagrass":2,"minecraft:acacia_sapling":2,"minecraft:iron_ore":1,"minecraft:acacia_stairs":1,"minecraft:deepslate_iron_ore":10,"minecraft:vine":3,"minecraft:lantern":1,"minecraft:cherry_leaves":4,"minecraft:acacia_fence":5,"minecraft:dirt":17,"minecraft:acacia_planks":8,"minecraft:stone":1,"minecraft:orange_wall_banner":1,"minecraft:deepslate":8},"minecraft:killed_by":{"minecraft:player":2,"minecraft:skeleton":1,"minecraft:zombie":1},"minecraft:custom":{"minecraft:interact_with_furnace":20,"minecraft:mob_kills":1,"minecraft:interact_with_crafting_table":13,"minecraft:open_barrel":6,"minecraft:leave_game":1,"minecraft:time_since_death":11878,"minecraft:sleep_in_bed":1,"minecraft:climb_one_cm":8478,"minecraft:time_since_rest":5414,"minecraft:sprint_one_cm":237020,"minecraft:damage_taken":4959,"minecraft:walk_one_cm":265215,"minecraft:drop":16,"minecraft:damage_dealt":337,"minecraft:talked_to_villager":3,"minecraft:swim_one_cm":22853,"minecraft:player_kills":1,"minecraft:fly_one_cm":242201,"minecraft:open_chest":5,"minecraft:crouch_one_cm":8013,"minecraft:play_time":101925,"minecraft:deaths":20,"minecraft:sneak_time":9099,"minecraft:walk_under_water_one_cm":36782,"minecraft:jump":1239,"minecraft:walk_on_water_one_cm":18729,"minecraft:total_world_time":101925,"minecraft:fall_one_cm":34815},"minecraft:dropped":{"minecraft:wheat_seeds":5,"minecraft:orange_tulip":1,"minecraft:yellow_terracotta":3,"minecraft:acacia_log":1,"minecraft:lily_of_the_valley":1,"minecraft:poppy":2,"minecraft:dirt":6,"minecraft:spruce_planks":1,"minecraft:gold_nugget":56}},"DataVersion":3953}