{"stats":{"minecraft:used":{"minecraft:dirt":4},"minecraft:picked_up":{"minecraft:stick":1,"minecraft:pumpkin":4,"minecraft:sweet_berries":7,"minecraft:red_tulip":2,"minecraft:white_tulip":2,"minecraft:spruce_log":1,"minecraft:dirt":4},"minecraft:mined":{"minecraft:grass_block":5,"minecraft:sweet_berry_bush":4,"minecraft:pumpkin":4},"minecraft:custom":{"minecraft:time_since_rest":3433,"minecraft:open_chest":1,"minecraft:crouch_one_cm":656,"minecraft:play_time":4351,"minecraft:sprint_one_cm":3469,"minecraft:walk_one_cm":19458,"minecraft:damage_taken":260,"minecraft:deaths":1,"minecraft:sneak_time":178,"minecraft:walk_under_water_one_cm":415,"minecraft:drop":5,"minecraft:jump":55,"minecraft:leave_game":1,"minecraft:walk_on_water_one_cm":903,"minecraft:time_since_death":3404,"minecraft:total_world_time":4351,"minecraft:fall_one_cm":1435,"minecraft:fly_one_cm":11309},"minecraft:dropped":{"minecraft:white_tulip":2,"minecraft:spruce_log":1,"minecraft:red_tulip":2}},"DataVersion":3953}