{"stats":{"minecraft:custom":{"minecraft:mob_kills":21,"minecraft:interact_with_crafting_table":15,"minecraft:open_barrel":3,"minecraft:leave_game":3,"minecraft:time_since_death":1344,"minecraft:climb_one_cm":1743,"minecraft:time_since_rest":1381,"minecraft:sprint_one_cm":495189,"minecraft:damage_taken":42247,"minecraft:walk_one_cm":486947,"minecraft:damage_blocked_by_shield":403,"minecraft:drop":46,"minecraft:damage_dealt":37898,"minecraft:swim_one_cm":7794,"minecraft:talked_to_villager":5,"minecraft:fly_one_cm":780331,"minecraft:player_kills":142,"minecraft:open_chest":2,"minecraft:crouch_one_cm":12480,"minecraft:play_time":182403,"minecraft:deaths":107,"minecraft:sneak_time":6509,"minecraft:walk_under_water_one_cm":33993,"minecraft:jump":3623,"minecraft:walk_on_water_one_cm":18778,"minecraft:total_world_time":182403,"minecraft:fall_one_cm":209508},"minecraft:dropped":{"minecraft:spruce_sign":1,"minecraft:water_bucket":1,"minecraft:stone_axe":1,"minecraft:wheat_seeds":1,"minecraft:stone_sword":1,"minecraft:diamond":1,"minecraft:jungle_fence":23,"minecraft:cobblestone":1,"minecraft:glow_berries":1,"minecraft:cobblestone_slab":27,"minecraft:diamond_pickaxe":1,"minecraft:crimson_roots":4,"minecraft:wooden_shovel":2,"minecraft:barrel":1,"minecraft:spruce_log":70,"minecraft:stone_pickaxe":2,"minecraft:pink_petals":2},"minecraft:killed_by":{"minecraft:player":37,"minecraft:zombie":4,"minecraft:ender_dragon":2},"minecraft:broken":{"minecraft:diamond_boots":1,"minecraft:golden_helmet":1,"minecraft:stone_sword":2,"minecraft:iron_chestplate":1,"minecraft:wooden_axe":1},"minecraft:mined":{"minecraft:spruce_planks":7,"minecraft:cave_vines_plant":1,"minecraft:grass_block":1,"minecraft:cobblestone":7,"minecraft:moss_block":3,"minecraft:spruce_sign":2,"minecraft:spruce_sapling":1,"minecraft:carrots":20,"minecraft:cobbled_deepslate":1,"minecraft:barrel":1,"minecraft:spruce_log":69,"minecraft:potatoes":29,"minecraft:cave_vines":1,"minecraft:dirt":3,"minecraft:acacia_planks":1},"minecraft:used":{"minecraft:moss_block":1,"minecraft:water_bucket":27,"minecraft:stone_sword":261,"minecraft:spruce_slab":10,"minecraft:stone_pickaxe":7,"minecraft:baked_potato":3,"minecraft:spruce_planks":4,"minecraft:shield":4,"minecraft:spruce_sign":1,"minecraft:diamond_axe":62,"minecraft:wooden_shovel":28,"minecraft:cobblestone_slab":1,"minecraft:dirt":2,"minecraft:carrot":20,"minecraft:wooden_axe":28,"minecraft:diamond_pickaxe":1,"minecraft:bread":3,"minecraft:potion":1,"minecraft:golden_helmet":1,"minecraft:diamond_sword":432,"minecraft:stone_axe":75,"minecraft:cobblestone":283,"minecraft:bucket":28,"minecraft:potato":29},"minecraft:crafted":{"minecraft:wooden_shovel":1,"minecraft:diamond_sword":1,"minecraft:diamond_axe":1,"minecraft:stone_axe":1,"minecraft:diamond_helmet":1,"minecraft:diamond_leggings":1,"minecraft:iron_chestplate":1,"minecraft:diamond_pickaxe":1,"minecraft:shield":1,"minecraft:stone_pickaxe":1,"minecraft:stone_sword":2,"minecraft:diamond_boots":1,"minecraft:golden_helmet":1},"minecraft:picked_up":{"minecraft:pink_petals":2,"minecraft:magma_cream":1,"minecraft:diamond_sword":1,"minecraft:jungle_fence":23,"minecraft:potato":29,"minecraft:potion":1,"minecraft:crimson_fungus":1,"minecraft:stone_brick_stairs":2,"minecraft:shield":1,"minecraft:dirt":4,"minecraft:moss_carpet":2,"minecraft:netherite_scrap":1,"minecraft:bone":2,"minecraft:acacia_planks":1,"minecraft:oak_sign":2,"minecraft:wheat_seeds":1,"minecraft:bucket":3,"minecraft:spruce_planks":11,"minecraft:iron_ingot":27,"minecraft:stone_pickaxe":1,"minecraft:cobblestone_slab":28,"minecraft:wooden_shovel":1,"minecraft:spruce_slab":10,"minecraft:bamboo":24,"minecraft:moss_block":1,"minecraft:dark_oak_sapling":64,"minecraft:stick":15,"minecraft:yellow_concrete":6,"minecraft:torch":1,"minecraft:quartz":2,"minecraft:gravel":3,"minecraft:villager_spawn_egg":1,"minecraft:spruce_sapling":4,"minecraft:spruce_log":70,"minecraft:carrot":20,"minecraft:diamond_chestplate":1,"minecraft:barrel":1,"minecraft:stone_sword":1,"minecraft:arrow":2,"minecraft:rotten_flesh":13,"minecraft:slime_ball":1,"minecraft:diamond":27,"minecraft:bone_meal":1,"minecraft:emerald":8,"minecraft:gold_ingot":30,"minecraft:spruce_sign":5,"minecraft:bread":3,"minecraft:warped_roots":6,"minecraft:baked_potato":3,"minecraft:glow_berries":1,"minecraft:crimson_roots":4,"minecraft:cobblestone":297,"minecraft:diamond_pickaxe":1},"minecraft:killed":{"minecraft:skeleton":2,"minecraft:zombie":13}},"DataVersion":3953}