{"stats":{"minecraft:dropped":{"minecraft:charcoal":1},"minecraft:custom":{"minecraft:time_since_rest":565,"minecraft:crouch_one_cm":2173,"minecraft:play_time":9591,"minecraft:interact_with_furnace":2,"minecraft:sprint_one_cm":32493,"minecraft:walk_one_cm":24857,"minecraft:damage_taken":560,"minecraft:deaths":2,"minecraft:sneak_time":572,"minecraft:drop":1,"minecraft:jump":155,"minecraft:damage_dealt":28,"minecraft:leave_game":1,"minecraft:time_since_death":506,"minecraft:total_world_time":9591,"minecraft:talked_to_villager":1,"minecraft:fall_one_cm":2508,"minecraft:fly_one_cm":19768},"minecraft:used":{"minecraft:spruce_planks":4},"minecraft:crafted":{"minecraft:charcoal":1,"minecraft:spruce_planks":12},"minecraft:picked_up":{"minecraft:stick":2,"minecraft:bone":1,"minecraft:arrow":1,"minecraft:rotten_flesh":1,"minecraft:spruce_planks":2,"minecraft:cobblestone":3}},"DataVersion":3953}