{"stats":{"minecraft:dropped":{"minecraft:moss_block":2,"minecraft:wheat_seeds":4,"minecraft:stone_sword":1,"minecraft:mossy_cobblestone":3,"minecraft:stone_shovel":1,"minecraft:rotten_flesh":5,"minecraft:clay_ball":24,"minecraft:blue_concrete":2,"minecraft:dirt":2,"minecraft:jungle_slab":3,"minecraft:allium":1,"minecraft:torch":1,"minecraft:wooden_axe":1,"minecraft:white_concrete":7,"minecraft:acacia_sapling":1,"minecraft:wooden_pickaxe":1,"minecraft:stone_pickaxe":1,"minecraft:pink_petals":3},"minecraft:custom":{"minecraft:interact_with_furnace":5,"minecraft:mob_kills":10,"minecraft:traded_with_villager":2,"minecraft:interact_with_crafting_table":23,"minecraft:open_barrel":5,"minecraft:leave_game":4,"minecraft:time_since_death":8881,"minecraft:climb_one_cm":4120,"minecraft:time_since_rest":8921,"minecraft:sprint_one_cm":282128,"minecraft:damage_taken":5642,"minecraft:walk_one_cm":429645,"minecraft:damage_blocked_by_shield":449,"minecraft:drop":25,"minecraft:damage_dealt":3347,"minecraft:swim_one_cm":8879,"minecraft:talked_to_villager":2,"minecraft:fly_one_cm":288349,"minecraft:player_kills":5,"minecraft:open_chest":21,"minecraft:crouch_one_cm":52924,"minecraft:play_time":146133,"minecraft:deaths":22,"minecraft:sneak_time":17088,"minecraft:walk_under_water_one_cm":15304,"minecraft:jump":1981,"minecraft:walk_on_water_one_cm":24663,"minecraft:total_world_time":146133,"minecraft:fall_one_cm":48414},"minecraft:broken":{"minecraft:stone_shovel":1},"minecraft:killed_by":{"minecraft:player":6,"minecraft:cave_spider":1,"minecraft:skeleton":1},"minecraft:used":{"minecraft:stone_sword":8,"minecraft:stone_shovel":259,"minecraft:stone_pickaxe":35,"minecraft:polished_basalt":1,"minecraft:decorated_pot":2,"minecraft:wooden_pickaxe":9,"minecraft:shield":19,"minecraft:sugar_cane":1,"minecraft:cracked_stone_bricks":2,"minecraft:torch":9,"minecraft:dirt":254,"minecraft:crafting_table":5,"minecraft:jungle_planks":10,"minecraft:tuff":1,"minecraft:wooden_axe":17,"minecraft:iron_pickaxe":159,"minecraft:mossy_cobblestone_slab":1,"minecraft:stone_axe":23,"minecraft:bamboo":3,"minecraft:diamond_sword":66,"minecraft:cobblestone":20,"minecraft:furnace":1,"minecraft:cooked_cod":5,"minecraft:cobbled_deepslate":27},"minecraft:mined":{"minecraft:diamond_ore":14,"minecraft:tuff":1,"minecraft:acacia_leaves":2,"minecraft:deepslate_diamond_ore":41,"minecraft:jungle_slab":2,"minecraft:sculk_vein":11,"minecraft:clay":3,"minecraft:crafting_table":5,"minecraft:short_grass":4,"minecraft:acacia_log":8,"minecraft:grass_block":160,"minecraft:decorated_pot":2,"minecraft:jungle_planks":2,"minecraft:heavy_core":1,"minecraft:jungle_log":20,"minecraft:sculk_sensor":1,"minecraft:white_concrete":7,"minecraft:tall_grass":3,"minecraft:cobblestone":14,"minecraft:deepslate_gold_ore":1,"minecraft:sugar_cane":1,"minecraft:pink_petals":1,"minecraft:large_fern":1,"minecraft:furnace":1,"minecraft:polished_basalt":1,"minecraft:iron_ore":8,"minecraft:deepslate_lapis_ore":14,"minecraft:sculk_shrieker":1,"minecraft:coal_ore":21,"minecraft:cocoa":1,"minecraft:deepslate_iron_ore":4,"minecraft:vine":5,"minecraft:dirt":103,"minecraft:cobweb":6,"minecraft:cracked_stone_bricks":2,"minecraft:bamboo":1,"minecraft:stone":31,"minecraft:deepslate":28},"minecraft:crafted":{"minecraft:stone_shovel":2,"minecraft:diamond_sword":1,"minecraft:emerald":2,"minecraft:crafting_table":2,"minecraft:wooden_pickaxe":1,"minecraft:furnace":1,"minecraft:stone_axe":1,"minecraft:air":0,"minecraft:jungle_planks":84,"minecraft:diamond_helmet":1,"minecraft:shield":1,"minecraft:stick":84,"minecraft:iron_ingot":4,"minecraft:stone_pickaxe":1,"minecraft:iron_pickaxe":1,"minecraft:wooden_axe":1,"minecraft:stone_sword":1,"minecraft:diamond_boots":1,"minecraft:acacia_planks":32,"minecraft:torch":12,"minecraft:diamond_chestplate":1},"minecraft:picked_up":{"minecraft:cocoa_beans":6,"minecraft:pink_petals":28,"minecraft:allium":1,"minecraft:crafting_table":4,"minecraft:mossy_cobblestone_slab":1,"minecraft:clay_ball":24,"minecraft:jungle_log":21,"minecraft:tuff":1,"minecraft:lapis_lazuli":84,"minecraft:dirt":256,"minecraft:string":7,"minecraft:bone":1,"minecraft:cracked_stone_bricks":2,"minecraft:wheat_seeds":4,"minecraft:cobbled_deepslate":27,"minecraft:raw_gold":1,"minecraft:stone_pickaxe":1,"minecraft:bamboo":11,"minecraft:moss_block":2,"minecraft:sugar_cane":1,"minecraft:acacia_sapling":1,"minecraft:furnace":1,"minecraft:stick":3,"minecraft:raw_iron":12,"minecraft:heavy_core":1,"minecraft:torch":2,"minecraft:acacia_log":8,"minecraft:jungle_planks":1,"minecraft:jungle_slab":3,"minecraft:mossy_cobblestone":3,"minecraft:rotten_flesh":5,"minecraft:cactus":3,"minecraft:diamond":53,"minecraft:decorated_pot":2,"minecraft:polished_basalt":1,"minecraft:white_concrete":7,"minecraft:coal":21,"minecraft:cobblestone":45},"minecraft:killed":{"minecraft:spider":4,"minecraft:creeper":1,"minecraft:skeleton":1,"minecraft:zombie":4}},"DataVersion":3953}