{
	"parent": "stellarity:events/root",
	"criteria": {
		"requirement": {
			"trigger": "minecraft:placed_block",
			"conditions": {
				"location": [
					{
						"condition": "minecraft:match_tool",
						"predicate": {
							"items": [
								"minecraft:chiseled_quartz_block"
							],
							"predicates": {
								"minecraft:custom_data": "{\"stellarity.special_item\": \"altar_of_light\"}"
							}
						}
					}
				]
			}
		}
	},
	"rewards": {
		"function": "stellarity:mechanics/altar_of_light/place"
	}
}
