{
	"description": {
		"translate": "stellarity.items.trinkets.void_locket.enchantment.emerald",
		"fallback": "Fortune",
		"color": "green"
	},
	"supported_items": [
		"minecraft:iron_nugget"
	],
	"weight": 1,
	"max_level": 1,
	"min_cost": {
		"base": 0,
		"per_level_above_first": 0
	},
	"max_cost": {
		"base": 0,
		"per_level_above_first": 0
	},
	"anvil_cost": 0,
	"slots": [
		"hand"
	],
	"effects": {
		"minecraft:attributes": [
			{
				"id": "stellarity:void_locket.luck",
				"attribute": "minecraft:generic.luck",
				"amount": 1,
				"operation": "add_value"
			}
		]
	}
}
