{
	"description": {
		"translate": "stellarity.items.trinkets.void_locket.enchantment.gold",
		"fallback": "Spelunking",
		"color": "yellow"
	},
	"supported_items": [
		"minecraft:iron_nugget"
	],
	"weight": 1,
	"max_level": 1,
	"min_cost": {
		"base": 0,
		"per_level_above_first": 0
	},
	"max_cost": {
		"base": 0,
		"per_level_above_first": 0
	},
	"anvil_cost": 0,
	"slots": [
		"hand"
	],
	"effects": {
		"minecraft:attributes": [
			{
				"id": "stellarity:void_locket.mining_speed",
				"attribute": "minecraft:player.block_break_speed",
				"amount": 0.15,
				"operation": "add_multiplied_total"
			},
			{
				"id": "stellarity:void_locket.mining_eff",
				"attribute": "minecraft:player.mining_efficiency",
				"amount": 5,
				"operation": "add_value"
			}
		]
	}
}
