{
  "minecraft:recipes/decorations/crafting_table": {
    "criteria": {
      "unlock_right_away": "2025-04-27 22:11:44 +0000"
    },
    "done": true
  },
  "minecraft:adventure/adventuring_time": {
    "criteria": {
      "minecraft:flower_forest": "2025-04-27 22:11:45 +0000",
      "minecraft:lush_caves": "2025-04-27 22:20:27 +0000",
      "minecraft:bamboo_jungle": "2025-04-27 22:23:33 +0000",
      "minecraft:plains": "2025-04-27 22:20:44 +0000"
    },
    "done": false
  },
  "DataVersion": 3953
}