{
  "minecraft:recipes/combat/bow": {
    "criteria": {
      "has_string": "2025-04-28 02:37:06 +0000"
    },
    "done": true
  },
  "minecraft:recipes/tools/fishing_rod": {
    "criteria": {
      "has_string": "2025-04-28 02:37:06 +0000"
    },
    "done": true
  },
  "minecraft:recipes/decorations/crafting_table": {
    "criteria": {
      "unlock_right_away": "2025-04-28 02:30:43 +0000"
    },
    "done": true
  },
  "minecraft:adventure/root": {
    "criteria": {
      "killed_by_something": "2025-04-28 02:38:46 +0000"
    },
    "done": true
  },
  "minecraft:recipes/building_blocks/white_wool_from_string": {
    "criteria": {
      "has_string": "2025-04-28 02:37:06 +0000"
    },
    "done": true
  },
  "minecraft:recipes/redstone/tripwire_hook": {
    "criteria": {
      "has_string": "2025-04-28 02:37:06 +0000"
    },
    "done": true
  },
  "minecraft:recipes/combat/crossbow": {
    "criteria": {
      "has_string": "2025-04-28 02:37:06 +0000"
    },
    "done": true
  },
  "minecraft:adventure/adventuring_time": {
    "criteria": {
      "minecraft:flower_forest": "2025-04-28 02:30:44 +0000",
      "minecraft:snowy_slopes": "2025-04-28 02:37:05 +0000",
      "minecraft:desert": "2025-04-28 02:36:25 +0000",
      "minecraft:bamboo_jungle": "2025-04-28 02:39:10 +0000",
      "minecraft:plains": "2025-04-28 02:33:43 +0000"
    },
    "done": false
  },
  "minecraft:recipes/decorations/candle": {
    "criteria": {
      "has_string": "2025-04-28 02:37:06 +0000"
    },
    "done": true
  },
  "minecraft:recipes/decorations/loom": {
    "criteria": {
      "has_string": "2025-04-28 02:37:06 +0000"
    },
    "done": true
  },
  "DataVersion": 3953
}