{
	"type": "minecraft:block",
	"pools": [
		{
			"rolls": 1,
			"bonus_rolls": 0,
			"entries": [
				{
					"type": "minecraft:alternatives",
					"children": [
						{
							"type": "minecraft:item",
							"name": "minecraft:stone",
							"conditions": [
								{
									"condition": "minecraft:match_tool",
									"predicate": {
										"predicates": {
											"minecraft:enchantments": [
												{
													"enchantments": "minecraft:silk_touch",
													"levels": {
														"min": 1
													}
												}
											]
										}
									}
								}
							]
						},
						{
							"type": "minecraft:item",
							"name": "minecraft:cobblestone",
							"conditions": [
								{
									"condition": "minecraft:survives_explosion"
								}
							]
						}
					]
				}
			]
		},
		{
			"rolls": 1,
			"entries": [
				{
					"type": "minecraft:empty",
					"weight": 130
				},
				{
					"type": "minecraft:item",
					"name": "minecraft:gold_nugget",
					"weight": 4,
					"functions": [
						{
							"function": "minecraft:set_count",
							"count": {
								"min": 1,
								"max": 2
							}
						}
					]
				},
				{
					"type": "minecraft:item",
					"name": "minecraft:iron_nugget",
					"weight": 4,
					"functions": [
						{
							"function": "minecraft:set_count",
							"count": {
								"min": 1,
								"max": 2
							}
						}
					]
				},
				{
					"type": "minecraft:item",
					"name": "minecraft:raw_copper",
					"weight": 5
				},
				{
					"type": "minecraft:item",
					"name": "minecraft:redstone",
					"quality": 1,
					"functions": [
						{
							"function": "minecraft:set_count",
							"count": {
								"min": 2,
								"max": 3
							}
						}
					]
				},
				{
					"type": "minecraft:item",
					"name": "minecraft:lapis_lazuli",
					"quality": 1,
					"functions": [
						{
							"function": "minecraft:set_count",
							"count": {
								"min": 1,
								"max": 3
							}
						}
					]
				},
				{
					"type": "minecraft:item",
					"name": "minecraft:bone",
					"weight": 7
				},
				{
					"type": "minecraft:item",
					"name": "minecraft:gunpowder",
					"weight": 6
				},
				{
					"type": "minecraft:item",
					"name": "minecraft:coal",
					"weight": 2
				},
				{
					"type": "minecraft:item",
					"name": "minecraft:flint",
					"weight": 4
				}
			],
			"conditions": [
				{
					"condition": "minecraft:match_tool",
					"predicate": {
						"components": {
							"minecraft:custom_data": "{stellarity.special_item:\"hematic_pickaxe\"}"
						}
					}
				}
			]
		}
	],
	"random_sequence": "minecraft:blocks/stone"
}
