{
	"condition": "minecraft:any_of",
	"terms": [
		{
			"condition": "minecraft:entity_properties",
			"entity": "this",
			"predicate": {
				"equipment": {
					"mainhand": {
						"items": [
							"minecraft:crossbow"
						],
						"components": {
							"minecraft:custom_data": {
								"stellarity.special_item": "clockwork_crossbow"
							},
							"minecraft:charged_projectiles":[]
						}
					}
				}
			}
		},
		{
			"condition": "minecraft:entity_properties",
			"entity": "this",
			"predicate": {
				"equipment": {
					"offhand": {
						"items": [
							"minecraft:crossbow"
						],
						"components": {
							"minecraft:custom_data": {
								"stellarity.special_item": "clockwork_crossbow"
							},
							"minecraft:charged_projectiles":[]
						}
					}
				}
			}
		}
	]
}
